TEXT,LABEL
이거 할만하다,1
오,1
슈마무스메 ,1
어,1
오,1
오,1
오,1
어어,1
오오,1
번,1
어,1
오 등,1
오,1
오,1
번마 떡상,1
어,1
오,1
헐,1
선두,1
어어,1
오,1
어,1
슈마무스메 고우,1
오,1
번아는웃고잇다,1
헐,1
오오 번마,1
등,1
어,1
가즈아아아아,1
오오오오오오옹,1
어어어,1
어 ,1
오오오오,1
번마 선두,1
번마 우마뾰이 각,1
오,1
어,1
오,1
어,1
오,1
번마,1
대박 ,1
번마,1
번마 질주,1
번마 가즈아,1
번마 떡상,1
어,1
오,1
형이 등,1
등 오예,1
끝나지마,1
이게무슨일이,1
와,1
된다된다,1
슈마무스메 ,1
치타는 웃고 있다,1
어,1
오,1
오,1
오오,1
가즈아,1
오,1
가즈아,1
어어어,1
그 발언,1
오침채,1
단독찬스,1
뭐야,1
오 긴장되는 순간 치고 갑니다,1
번 터진듯,1
어라,1
오케에,1
어,1
나이솨,1
어어,1
오오,1
번마 개떡상,1
어어,1
침착하다,1
오오,1
번마 떡상각,1
오,1
달료,1
가라라,1
대박,1
번마 번마,1
번마,1
정말,1
번마 가나요,1
아안돠,1
번처럼해주세여,1
번마 우승,1
어어,1
같이 가,1
헐,1
번마인가,1
오,1
침착스,1
번 가즈아,1
헐,1
주거,1
이걸,1
번마 우승하나요,1
형 제발베라,1
번마,1
안돼,1
그거야 형,1
휴,1
번마 선두 유지합니다,1
오 드가자,1
제발 주거,1
왜,1
안되,1
제발,1
어오,1
아,1
번마 떡상중,1
번마 달립니다,1
번마 가나요,1
오,1
아니야,1
형 그거 아니야,1
안되 풍형,1
와,1
설마,1
헉,1
제발,1
안침착하죠 성격 급하죠,1
번마 우승,1
번마들 웃는중,1
어,1
어라,1
그거 아니야,1
오오,1
말도안돼 이러지마,1
침착 침재,1
제발 숙제,1
해지마,1
느긋,1
주거,1
이게 임,1
오오,1
설레도 되냐,1
오,1
번마는 웃고있다,1
번마,1
번마랑 왜케 다르냐,1
헉,1
제발,1
오 번마다,1
저녀석들 뭐하냐고,1
번 성공이다,1
오,1
조아 침착해,1
와,1
가즈아,1
번마가 이걸,1
번마 제발 ,1
오오,1
오 오늘 되는 날인가,1
번마 웃나요,1
휴,1
어라,1
번마 번마,1
어어,1
랑은 다르다 랑은,1
답은 번이다,1
안돼,1
어,1
해지마 해지마,1
거북아 힘내,1
머하냐 애들아,1
안일 스택,1
오오오,1
제발 컷,1
번마 떡상중,1
이러면 안되는데,1
형 믿고 있을게,1
침착스,1
에이 설마,1
와 번마 달린다,1
뭐해,1
아 번마 할걸,1
번마는 웃고있다,1
응번마도 이랬어,1
어,1
아,1
번마 우승,1
그렇치,1
아,1
헉,1
병건해,1
와,1
오,1
와,1
아,1
와,1
예,1
번마,1
아,1
캬 ,1
오,1
번 당첨,1
오예 ,1
오,1
예,1
나이스,1
번마,1
아,1
아,1
앙대,1
번마 ,1
번마 우승,1
번마,1
아,1
와,1
아,1
번마,1
이야,1
안되,1
안돼,1
안돼,1
와,1
번이다,1
캬,1
안돼,1
오,1
오,1
번마 우승,1
아,1
나이스,1
외 아깝다,1
번마 쏴리질러,1
불안한데 물맵이디,0
설마,0
이거 좀 애들 상태가,0
실력맵 ,0
아 망했네,0
번 컷,0
가아,0
번마 우승,0
번마아아아아아,0
순물,0
아뿔싸,0
번마 컷,0
실력 ,0
그 발언,0
아,0
휴,0
아,0
아 졌네 ,0
번마 포기 합니다,0
번마는 지금 웃고있다,0
망,0
가즈아,0
번마 멸망,0
안심,0
물맵이다,0
아 ,0
아,0
번마,0
게다가 력실맵,0
호재요,0
번마 탈락,0
번마 아,0
번 낙마 컷,0
물맵,0
달려,0
아 망했네,0
그발언 불안,0
번마 캇,0
아 번마 멸망,0
물맵 ,0
풍월량풍월량풍월량,0
호재,0
다행히 실력맵,0
앗,0
망했다 ,0
번마 각이다,0
이건 모른다,0
실력맵 ,0
응 컷,0
이건 못 이긴다,0
실력이먄 좀 빡세 ,0
번마,0
월량,0
번마번마,0
안심,0
가즈아,0
아 망했네,0
번마 캍,0
번마 탈락 ,0
번마 탈락 ,0
번마 달립니다,0
번마 캇,0
호재요,0
번마 출발합니다,0
번 컷 ,0
실력맵 번마 컷,0
번마 컷,0
아 물맵 악재다,0
아 실력맵,0
실력맵 번마 탈락,0
실력맵은 바로 컷,0
번 캇,0
물맵 다행,0
어,0
번마 탈락,0
번마 탈락,0
아 력실맵 ,0
컷이네,0
번 다음 기회에,0
근데이러니까 포인트 양이 소심해짐,0
휴 실력맵이면 안전하지,0
드가자,0
이건 비 있어도 안 된다,0
번 낙마 ,0
캇,0
번마 망햇어,0
아 또망했네,0
시작부터 다리가 접질렸,0
아 배틀맵이죠,0
력실맵,0
악재요,0
제발,0
그 맵 ,0
번마 오열,0
번마 커엇,0
번마 컷,0
물맵 개못하는데 풍형 ,0
번 컷,0
실력맵,0
가즈아,0
번마 컷,0
번마 잘가고 ,0
번마 어림도 없지,0
과연,0
번마 잘가고 ,0
온다,0
아 졌다,0
번마 오열중 ,0
번마 컷,0
호재요,0
번컷,0
실력맵 멸망 ,0
브금 좋은거 봐 ,0
컷이다 컷,0
오열,0
번마 잘가,0
루,0
루,0
루이짘,0
번마 오열,0
루이지 ,0
루 ,0
루이지컷,0
루 ,0
실력맵에 물맵 번마 캇,0
구름 커엽네,0
루,0
루이지 컷 ,0
루,0
뤀,0
루,0
아 ,0
어,0
루이짘,0
루이지 뭐해 ,0
번마 ,0
루이지 망,0
루,0
루이지 ,0
루뭐함,0
루,0
루 떡랄,0
루 ,0
가자,0
루이지,0
와 한명 컷,0
루,0
루,0
번 컷,0
뤀,0
나이스,0
루 ,0
멍청한뇨속,0
루이지 캇,0
루 ,0
개웃기네 ,0
루이지 오열 ,0
개느림 ,0
루이지 뭐해 ,0
가 잘하는데 ,0
루 멸망,0
경쟁자제거,0
루 ,0
풍형이 마리오야,0
루이지 망 ,0
탈락,0
루,0
한놈컷,0
번마 컷,0
못들어갔어 ,0
한명 낙오 ,0
핑키 힘내,0
루 떡락 ,0
천천히가 형,0
벌마 탈락 ,0
루 ,0
모 함 다,0
모함다 ,0
번마 컷,0
침착스,0
모함다 ,0
루이지 ,0
번마 탈락,0
뭐야 ,0
모함다 ,0
번마 느려요,0
모함다 ,0
모함다,0
루이지 못들갔어 ,0
번마 떡락중,0
모함다 ,0
컷,0
모함다 ,0
루이지 ,0
모함다 ,0
모함다,0
루이짘,0
모함다 ,0
루,0
루,0
루이지 ,0
모함다 ,0
모함다 ,0
번마 고꾸라집니다,0
모함다 ,0
멍청아 ,0
루 머하냐,0
해주겠냐,0
모함다,0
모함다 ,0
등하는 번마,0
모함닼,0
루 뭔데 ,0
모함다,0
아 망,0
루이지 ,0
모함다 ,0
모함다 ,0
루이짘,0
스프링 들어야지,0
다시 시작하게 해줭,0
그러게 왜 ,0
핑크 파이팅,0
망해써욜,0
루이지개웃곀,0
모함다 ,0
아 시작된순간 번마 가망없어서 보입니다,0
저런,0
 잘하는데 ,0
다시는 뭔 ,0
루이짘,0
모함닼,0
핑크,0
루함다,0
모함다 ,0
오,0
불쌍해,0
핑크 앱도적,0
번은 채팅이없네,0
번마 아웃,0
번마 ,0
번마 아웃,0
오 뭐야 방금,0
오,0
오 리듬 ,0
개모타쥬,0
핑키가 이기나,0
번마 컨디션 나쁘지 않은데여,0
멍총한 뇨속,0
개웃기네 ,0
번마 컷,0
핑크 잘 한다,0
핑키,0
어어,0
핑크 빠르다,0
모함다 ,0
번마 탈락,0
번마 완주라도,0
아,0
날먹,0
아직 모른다,0
넘나 고여보이네,0
아 운빨맵인듯,0
날먹맵 와줘,0
또 실력맵인가,0
오르막,0
스피드맵,0
스프링맵인가봐,0
빠르다,0
질거 같다,0
아 번마 뒤쳐져요,0
가자,0
날먹맵같은데,0
하필 루,0
번마 컷트,0
헐,0
엌,0
오오,0
엌,0
캇,0
번마 죽어,0
파란색 머야 ,0
머야,0
헐,0
엌,0
에,0
와,0
노잼,0
어,0
역시 ,0
아,0
아 같이 멸망햇죠 번마,0
번마 멸망,0
아,0
번마 낙마했네요,0
않이,0
번 컷 ,0
캇,0
똥맵,0
노잼맵,0
캬,0
휴,0
캇,0
날먹맵,0
역시 날먹맵,0
아아가가가,0
번마 컷 ,0
개똥맵,0
번마 어서오고,0
번마 컷,0
파란색 부스터쓰나 ,0
날먹도 못하고,0
형이좋아하는맵,0
번 컷,0
똥맵 ,0
날먹맵이었네,0
번마 컷,0
이제 이기자 형,0
날먹,0
개모태,0
번마바로탈락,0
날먹맵에서도 졌죠,0
번마 탈락,0
번 캇,0
번마 멸망,0
후,0
번마 컷,0
뒤주,0
이거 봤던거 같은데,0
아,0
돈,0
번마 탈락,0
뒤주,0
뒤주 엔딩,0
컷,0
뒤주,0
뒤주컷,0
크트,0
가두리,0
아,0
번마 탈락,0
뒤주 ,0
뒤주,0
갖혔엌,0
번마 어서오고,0
뒤주엔딩,0
번마 준비하세요,0
뒤주행,0
번마 멸망 ,0
실력,0
함정,0
들어가지마들어감,0
뒤주,0
보너스,0
돈은 못참지,0
느긋,0
셀프뒤주,0
지금 그거 먹을때가,0
번마 캇,0
서로서로 도와요 ,0
뒤주 엔딩,0
번마 출발 준비,0
번마 출동,0
번마입장,0
캇,0
맛,0
뒤주엔딩,0
아 말씀드리는순간 번마 광탈,0
혼자 ,0
번마 최악의 실력으로 캇,0
뒤주엔딩 ,0
번마 대기하세요 ,0
 번 잘 가 ,0
앗,0
컷,0
번마 컷,0
안대,0
번마 캇,0
혼자 ,0
번마 컷트  번마 컷트  번마 컷트  번마 컷트  번마 컷트  번마 컷트 ,0
캇,0
번마 오열,0
뒤주 ,0
다 순방 ,0
혼자 ,0
아,0
번마 오열,0
혼자 못먹어,0
번마 ,0
번마 준비,0
번마컷 혼자 낙오합니다,0
앗,0
혼자만,0
어라,0
번 나와주세요,0
번마 갑니다,0
와 그림이다,0
캇,0
다들어갔는데 ,0
혼자 왕따,0
두근두근,0
킹등감,0
뒤주엔딩 ,0
부러운 눈치,0
혼자 못 들어가,0
부러운 눈치,0
혼자,0
와 진짜 번한테 왜그래,0
혼자 없어,0
번마 가즈아,0
번마 준비중,0
번마 탈락입니닼 ,0
제발 번마,0
번마 라인 이탈 ,0
소외감 ,0
번마까뜨,0
부럽다,0
내돈,0
개모태 ,0
번마 출발하기도 전에 탈락,0
번마 시작하자마자 탈락 ,0
번마 준비하세요,0
쟤네뭐하니,0
호재다,0
이즈고,0
 번마 컷,0
양파 ,0
번마 광탈,0
번마 미리탈락 ,0
실력맵 ,0
파랑 ,0
번바 퍼 확률로 컷,0
돼지,0
호재,0
버섯 ,0
번마 떡락,0
양파 컷,0
탈락,0
아 실력맵 ,0
파란 양파 ,0
개그 ,0
양파 ,0
이거아직모릉지도,0
번마 준비하세여,0
양파야,0
파랑이 뭐해 ,0
정의,0
양파야 ,0
양파 꼈엌,0
파랑오열,0
양파야 ,0
루이지 잘한다,0
이주고,0
한놈 재끼고,0
캬,0
역시,0
개느려,0
번마 상황이 안좋습니다,0
턱 턱,0
오 루이지 빨라,0
루이지 개잘해,0
아이고,0
루이지 선수,0
악,0
핑키 속도 ,0
개빨라,0
력실맵이네,0
번마 오열,0
 호재일까,0
역시 ,0
크트,0
개빨라 ,0
루이지 치고나갑니다,0
일단탈락,0
루,0
게삘리,0
모함다 ,0
번 오열,0
개모댘,0
번마 컷,0
개웃기네 ,0
루이지 겁나 빨라,0
번마 미리 대기해주세요,0
아 번마 상태가 안좋아요,0
번마 캇,0
머해요,0
번마,0
번마 퇴근각,0
번마 과연 배,0
력실,0
어,0
너마 낙마,0
자 번마,0
번마 준비 하세요,0
번 나와라,0
오,0
어어,0
번 컷,0
앉아짬뿌,0
번마 넘어집니다,0
번 캇,0
번 대기,0
번마 미끄러집니다,0
루,0
번 캇,0
헉,0
번마  뭐해,0
아,0
번마 등장과 동시에 컷,0
자 번마 준비해주세요 자 번마 준비해주세요 자 번마 준비해주세요 자 번마 준비해주세요 자 번마 준비해주세요,0
번대기,0
아 모해,0
형 저걸보고도,0
아 모에,0
번마 컷 ,0
번마 탈락,0
번마 아왜,0
번마 컷,0
피지컬 차이 ,0
역시 실력맵 ,0
번마 준비해야겠넴,0
아 함정카드 발동,0
번 캇,0
카트,0
번마 배네 ,0
번대기,0
번마 카트,0
번마 가자,0
번 탈락각,0
번마 수고요,0
  핰,0
루이지 속도 하네,0
무슨 등,0
루가 잘하네,0
아 번이라구,0
모함다 ,0
모함다,0
번마 준비,0
개모태 ,0
번마 가나요,0
번마 가즈,0
양파야 ,0
파랑 ,0
모함다 ,0
번마 오열중,0
번 컷,0
번 컷,0
번마 낙마 ,0
설렌다,0
번 들어오세요,0
모합다,0
모함다 ,0
번 낙마 ,0
번 준비요,0
번마 아아아아아아아,0
파랑좌 ,0
번마 호재,0
루 뭐임,0
모함다,0
번마 요열,0
번마 멸망 ,0
루이지 개잘해 핑키개잘해,0
이거잘못햌,0
양파 ,0
번마 대기,0
번말 행복,0
악질낚시맵,0
한명씩,0
이거 진짜번마가,0
모함다,0
번 대기,0
모합다 ,0
바로 가자 번마,0
모함다 ,0
번마 떡락,0
개모태,0
번마 준비,0
개모태,0
모함다 눌러놔 ,0
번마 호재,0
번마 나오세요,0
모함다,0
느긋,0
파란양팤,0
번마각 나왔따,0
개느려,0
어떻게 번 내내 한번도 못이기냐,0
드럽게 느리다,0
번 대기,0
번마 설레는 중,0
이거 예전에 했던거 아냐,0
 천장치기,0
번마 가겠다 진짜 ,0
다 걸리네 이 형 ,0
개느려 ,0
번마 준비운동중,0
느긋,0
느긋,0
번 대기해,0
파랑,0
형 끝났어,0
번마,0
번마 꼴지,0
포기해,0
느긋,0
느긋,0
번마 탈락 ,0
느긋 ,0
아 번마 이건 번마가 이길 각이죠,0
이거 기출같은데,0
느긋,0
느긋,0
느긋,0
느긋,0
느긋,0
느긋,0
이거 저번에 했지않음,0
컷,0
느긋,0
킹부러,0
느 긋,0
관광 나오셨나요,0
이거 심지어 햇던맵 아닌가,0
번마 빵긋,0
개모대 ,0
이분 모함,0
느긋,0
느긋,0
느긋,0
번마 나와주세요,0
느그,0
번마 캇,0
느긋,0
재밌어 ,0
느긋,0
느긋,0
느긋,0
번마  후후 벌써 나의 차례인가,0
와 번마 주주들 대단,0
번마 낙마 번마 낙마 번마 낙마 번마 낙마 번마 낙마 번마 낙마 번마 낙마 번마 낙마 번마 낙마 번마 낙마 번마 낙마 번마 낙마,0
느긋,0
스스로 막는 번마,0
오징어게임 없나,0
능지,0
아이고,0
뭐해,0
이맵 했던 맵 같은데 전에,0
이거 했던 맵아니냐 ,0
느긋,0
이거 기출 인거 같은데,0
뇌정지,0
력 실,0
개같이 멸망,0
개모태,0
방금 뭐한거야,0
느긋,0
산책해,0
번마 준비 ,0
번마 쓰러짐,0
느긋,0
이거 했던거 같은데,0
못해,0
줴줴,0
개모태 ,0
컷,0
이거 기출이네,0
산책중,0
다른말들 벌써 불쏘고있죠,0
걍 번마가 승리네,0
이제 내차례인가 ,0
번마 축하해,0
번마 캇,0
번 컷,0
번마 기권하세요,0
번마 대기중입니다,0
다 즐기시는중,0
번마 주행거부,0
번마 입장,0
진짜 겁나 느리다,0
맵은잘만들었네 ,0
안될거같다,0
이미 햇던 맵 같다,0
번마 아 이건 번마가 이길거 같아요,0
기출아닌가,0
뭐하심,0
히히,0
했던맵이네,0
이건 쥐쥐,0
피지컬 이슈,0
번 낙마 번 낙마 번 낙마 번 낙마 번 낙마 번 낙마 번 낙마 번 낙마 번 낙마,0
형 이제 정말 갔구나,0
개망,0
안대지,0
번마 준비,0
망했쥬,0
모함다 ,0
기출인거 같은데 또,0
번마,0
개모태,0
틀렸네 이번에도 ,0
개같이 멸망 ,0
함다,0
망했다 선언,0
뭘 새삼스레 ,0
다시시작 ,0
살아남은 번마의 스일네,0
모함다,0
느릿 느릿,0
진짜 번마가,0
모함다,0
파랑이 ,0
모함다 ,0
기출 아녀이거,0
희망이 있다,1
어,1
어,1
완전 정신없네 ,1
아직모른다,1
국밥주니어,1
주쿠파,1
아,1
번마 우승하나,1
쿠주,1
미니 쿠파,1
오,1
주니어를 죽인다고,1
주니어 주쿠파,1
힘내,1
어,1
오,1
오,1
오,1
어,1
오,1
오,1
오오,1
어,1
유,1
어,1
헉,1
오,1
오,1
어,1
오,1
오,1
오,1
어어,1
오,1
오,1
오,1
오,1
오,1
앗,1
오,1
오,1
난가,1
오,1
가자,1
오,1
어어,1
이걸,1
오,1
어,1
어,1
안되,1
설마,1
오,1
오오오오,1
번마,1
오오,1
오,1
오 설마,1
오,1
어,1
번마 떡상,1
어,1
번마 가나요,1
어어어,1
설마,1
오,1
주니어 쿠파다,1
어라,1
오오,1
안돼,1
안도림,1
오,1
설마,1
와,1
오,1
요,1
뮌,1
번마,1
캬,1
끝,1
이걸,1
번마 우승,1
오,1
오,1
어,1
오오오오,1
번마,1
캬,1
오,1
오,1
아,1
오,1
이걸,1
와,1
끝,1
와,1
오 ,1
번마,1
와 ,1
이게 터지네,1
번마,1
캬,1
오,1
번마 ,1
배,1
오,1
오 번마 ,1
번마 우승 ,1
번마,1
이걸,1
오,1
와,1
와,1
번마 우승,1
번마 번마 번마 번마 번마 번마 번마,1
우와,1
와,1
번마 역배 성공이네,1
이걸 번이 ,1
오,1
와 번,1
이걸 번마가,1
오,1
번마,1
배 ,1
번마,1
번 우승 ,1
아 번마인데,1
배 ,1
이요오오스,1
와 번마,1
이게 터지네 와,1
무친 ,1
와 ,1
와,1
번 와,1
이거지,1
번마 우승,1
번 우승,1
번마 ,1
오오오,1
번마 우승,1
갓맵,1
와,1
그래도 번은 안갔네 ,1
우왕,1
와 배당 배 ,1
배 ,1
번마 착,1
와 배다 대박,1
와 미쳐꾸요,1
허유,1
이게 된다고,1
서서도,1
이걸 ,1
번마 ,1
배 ,1
와 ,1
이게 번이라고,1
이게 터지네,1
배 ,1
번마 배,1
오오,1
이거지 번마,1
무친 ,1
와,1
번마축하합니다,1
번마 우승,1
오번마,1
배,1
배 ,1
번마 떡상,1
번우승,1
와 ,1
번마 ,1
번대박이다,1
배 터졌다 배 터졌다 배 터졌다 배 터졌다 배 터졌다 배 터졌다 배 터졌다 배 터졌다 배 터졌다 배 터졌다 배 터졌다 배 터졌다 배 터졌다,1
캬 번마 우승이다,1
이걸 번마가해냅니다,1
배 ,1
번 축하드립니다 ,1
뱌 ,1
번우스,1
와 룰렛 미쳤다,1
와,1
우승,1
무친 배라니,1
번마,1
번마,1
번 마 배,1
번마 우승,1
번 우승 ,1
번마 우승,1
번마 멸망 ,1
이걸 번까지 오네 ,1
나 전판 번마였는데 ,1
와 번마 우승 ,1
이기네,1
와 번마,1
배,1
배라고,1
배 ,1
터졌다 ,1
배,1
와 이럼 번만 이기는 거임,1
번마 몇배임 ,1
번마 떡상,1
룰렛배당 몇입니까,1
번마 배,1
배 잭팟,1
번마 우승번마 우승번마 우승번마 우승번마 우승번마 우승번마 우승,1
이게 번마가 걸리네 ,1
와 ,1
배,1
번마 믿었다구,1
아 번마 ,1
 뱈,1
배 ,1
번마,1
배 ,1
와,1
배 ,1
배,1
이게 터지네,1
와,1
히오오스,1
배 ,1
배 터졌다 배 터졌다 배 터졌다 배 터졌다 배 터졌다 배 터졌다 배 터졌다 배 터졌다 배 터졌다 배 터졌다 배 터졌다 배 터졌다 배 터졌다 배 터졌다,1
아 날먹 맵좀 그만 나와라,1
배 ,1
배 ,1
배 ,1
나이샤,1
와 배 ,1
번마 우승,1
번마 ,1
배 ,1
레전드,1
오오오,1
번마 대박,1
배,1
번마 배 ,1
배 ,1
와 배 ,1
배,1
번마 우승 ,1
배 ,1
배,1
번마 우승,1
배 무친,1
와,1
배,1
번마 우승,1
와 미쳤다,1
이게 경마지,1
잭팟 ,1
역배 ,1
번 ,1
와 만포 ,1
배 ,1
꺼어어억,1
 배,1
형이 번이상 안나가는게 좋다매,1
인간 승리다 ,1
번마 믿었다구,1
와,1
와 배,1
배 ,1
나이스,1
개모태 근데,1
배 ,1
얏싀,1
번마 배 ,1
 번 마,1
인생역전,1
배라니 ,1
번마,1
와 ,1
배 ,1
번 ,1
번마무쳣다,1
배,1
번마야 축하해번마야 축하해번마야 축하해번마야 축하해번마야 축하해,1
번마요,1
배 ,1
번마요,1
번마,1
번 우승,1
나 이거 먹었어 ,1
번마요,1
풍월량 우승,1
번마,1
이걸 어케 맞춰,1
배래 ,1
배,1
날먹맵 좀 그만 나와,1
와 이걸,1
번마 우승,1
배,1
이걸 이기네,1
뭐지 걍 걸었는데,1
아까  아니었나,1
아 왜 하나만 더 버티지 ,1
번마,1
번,1
번마 배인데,1
이야,1
배 레전드,1
배,1
번마,1
번마요,1
번마 배 ,1
배 ,1
만 포인트 ,1
배 대막,1
와 이걸 어떻게 맞추냐,1
배 너무 맛있겠다 ,1
명밖에 안걸었엌,1
번마,1
아까 역배라고 무시당했는데 ,1
형 번마야,1
퍼였던 번마가,1
번이요,1
번마 번마 번마 번마 번마 번마 번마 번마 번마,1
꺼어어어억,1
이게 경마장이야,1
담엔 어디에 걸어야하나,1
와 이걸 먹네,1
번마,1
나야나 ,1
경마장 이요,1
나이스다,1
와,1
불 법,1
경마장 ,1
와,1
도박장 이다,1
경마장 이지 ,1
허,1
경마장 이요,1
 ㄹㅇㅋㅋ ,1
배 ,1
만 ,1
번마,1
경마겜,1
번마 배 터졌다 와,1
아 ,1
경마장이야,1
배 축하드립니다,1
경마장,1
경마장,1
슈마장 ,1
미친 얼마야 ,1
경마장이죠 ,1
와우,1
개꿀잼인데 이거,1
사기 치는놈들 벤해,1
보기가 너무 많아 ,1
경마장 ,1
배 대박이네,1
번 ,1
번,1
안전 놀이터,1
미쳤네 ,1
마권 ,1
배 ,1
개웃겨 ,1
좀 쉽게 만들어줘요 ,1
경마장맏따,1
아핰,1
와 이게 역배구나 ,1
아 ,1
뽀찌 좀 주세요,1
개웃겨 진짴,1
어디 어디래,1
터졌다,1
배,1
카지노야 카지노 ,1
와우 ,1
이게 경마장인가,1
와 이게 말이 되냐고,1
어,1
오,1
헐,1
캬,1
오,1
아니,1
아,1
나이쓰,1
어,1
와,1
나이스,1
와,1
모야 이게,1
와,1
에반데,1
헐,1
캬,1
이게,1
오,1
예스,1
와,1
개꿀,1
오,1
와,1
와,1
와,1
헠,1
와 뭐냐,1
이걸 마리오가 ,1
이게 뭐야,1
와,1
얘,1
어,1
터졌다,1
색깔달랐어 버섯,1
이걸마리오가,1
헐,1
이걸 ,1
오,1
오,1
에반데,1
이걸 먹어,1
집단지성 승리,1
와,1
마리오,1
이걸버네,1
나이수,1
오오오오,1
와,1
노우,1
이걸 먹어,1
와,1
헐,1
허 ,1
오예,1
와,1
여윽시 풍월량,1
와 ,1
나이스,1
이걸먹네,1
와씨,1
나 루였는데,1
집단지성 ,1
집단 지성으로 이겼다 ,1
아싸 ,1
대박,1
이걸 풍형이,1
예,1
오이오이 믿고 있었다구,1
색 다르잖아,1
간보고 있음,1
와,1
마리오 이겼다,1
헐,1
오호,1
 와,1
조진줄 알았는데,1
믿고이써따구,1
이걸,1
아니 이건아니지,1
개꿀,1
굳,1
야호,1
캬,1
뭐냐구,1
와,1
미친,1
개같이멸망,1
뭔데 이거 ,1
다 잃네,1
어라,1
얼,1
개에바 진자,1
와 머박,1
이거는 아니지,1
오늘 미쳤네 ,1
아 마리오할걸,1
몇 배야,1
이걸 ,1
갑자기 개폭등,1
이거 한명뿐이라 찍는게 당연한건데 ,1
색 달랐잖아,1
충신이 또,1
꺼억,1
만 배 ,1
든든해 형,1
오늘 마리오 계속 터지네,1
이걸이기네,1
아,1
오오,1
이거 커닝이닪아,1
호재,1
아니,1
컷,1
와,1
헐,1
마리오 승승읏으승,1
따따,1
훈수,1
어라,1
와,1
이걸,1
캬,1
꼬마워요,1
이게 머꼬 ,1
마리오 배팅들이 알려줬네 ,1
믿고있었다고,1
이걸 우승한다고,1
풍월량 믿고 마리오 골랐다구,1
캬,1
개같이부활,1
이거뤼,1
이걸 먹네 ,1
나이스,1
이거 치튼데,1
헐,1
알려주지 말걸,1
와,1
믿고 잇었다구,1
버섯 색이요,1
오예,1
파란 양파 뭐하냐,1
풍월량 풍월량,1
버섯 색,1
또 마리오네 ,1
우리가 등,1
마리오 승 마리오 승 마리오 승 마리오 승 마리오 승,1
맞았네 ,1
훈수라니,1
하하,1
버섯색,1
와 마리오,1
오늘 마리오가 다이겼어 ,1
캬,1
믿고있었다구,1
사기맵이네,1
이걸 이기네,1
다잃엇다 ,1
색깔이요 ,1
색깔 ,1
모름 ,1
이걸맞췃다고,1
버섯 색,1
색깔,1
색깔이달랐음,1
컨닝 뭐야,1
달달하누,1
색깔,1
훈수 치트,1
정정들,1
샐깔,1
떡스아앙,1
이게 마리오라니 ,1
우마이,1
껄껄껄 오늘 잃은거 다 복구했다,1
아싸,1
버섯색깔,1
습관성훈수,1
오예,1
와,1
버섯색깔,1
헐 번마 우승,1
넘 달달하공,1
버섯 색이 달랐어,1
안걸어서 다행,1
아 이건 좀,1
풍월량 부활,1
대박,1
마리오,1
누가 알려줬어,1
버섯색갈,1
마리오 역시,1
버섯 색이 노란색이엇어용,1
헐 내가 이기다니,1
이게 게임이냐,1
까비,1
버섯이 달랐다던데,1
와 내가 땄어,1
색,1
무효야,1
바보들으,1
버섯 색깔이여,1
운맵은 진짜 강하네,1
버섯색깔달랐음,1
블럭 색이요,1
와,1
마리오 우승 ,1
풍형 살려줘서 고마워,1
믿고 있었다고,1
버섯색이 빨강노랑,1
컨닝은 치소치소,1
형안믿고있었어요,1
무효야 시청자 있었대,1
반칙반칙,1
예에에에에에,1
오늘 번마들 승률 좋네,1
 ㄹㅇㅋㅋ ,1
발판버섯 색,1
대박,1
허허헝,1
까비,1
믿고있었다구,1
플랫폼 버섯 색 다름,1
무야호,1
아 집도 팔아야겠네 ,1
버섯색 노란색이였음,1
반칙이야,1
역시 필승 마리오,1
방장 사기맵,1
방장 사기맵이네 이거,1
만 걸걸 ,1
미친,1
난 처음부터 형 믿엇어,1
 하하항,1
마리오,1
오 맞췄닼,1
아 마리오고르려했는데  ,1
아 오늘 포인트 따긴 글렀네,1
그러게,1
아 너무달아아 너무달아,1
르게,1
달달,1
믿었다구,1
우 마 이 ,1
이건 사기야  이건 사기야  이건 사기야  이건 사기야  이건 사기야  이건 사기야  이건 사기야  이건 사기야  이건 사기야 ,1
안믿고있었다고,1
꺼억,1
그루게,1
오늘은 마 인가,1
번이 알려줄수도 있지,1
오,1
바닥 노랑색,1
와,1
캬,1
반칙,1
달달하고,1
그것도 예상했어야지,1
헐,1
헐,1
하나도 못봤는데 등했네,1
어라 포기했는데 먹었다 다다다다다다,1
잉 근데 이거 기다려준거아님,1
히히,1
안돼,1
꺼억,1
달달하고,1
아 너무잼미따,1
헐,1
훈수고려하든갘,1
 ㄹㅇㅋㅋ ,1
우웅 따면 그만이야,1
달달하고,1
와 달달스,1
우하하하하하하핳,1
꺼억,1
굿굿,1
색깔이 달랐어,1
캬,1
달달,1
층 재진입,1
그러게 ,1
억울하면 마리오 했어야지,1
방장 사기맵 ,1
달다,1
올라간다,1
 ㄹㅇㅋㅋ ,1
오늘 다 틀리네 ,1
달달,1
몰라 알려주는 순간에 신났었어,1
풍월량 풍월량 풍월량 풍월량 풍월량 풍월량 풍월량 풍월량 풍월량 풍월량 풍월량 풍월량 풍월량 풍월량 풍월량,1
단 점 ,1
아 너무 달아,1
하 배 ,1
달달구리스,1
달달하고,1
선 회복,1
배 달달하고,1
번마 우승,1
안믿고있었다고,1
하하하핳하라하하하핳하하할,1
역시 마리오 믿고 있었다구,1
나이사,1
아 내 포인트,1
양파 머해,1
꺄아,1
이거도 예상해야지 ,1
달달하구,1
반칙반칙,1
뻥치네 ,1
포인트도 달달구리하고,1
포인트 살살 녹는다아,1
좋구요,1
이것도 고려했어야지,1
꺼억,1
달달,1
달달구리,1
인정 못해,1
캬,1
 ㄹㅇㅋㅋ ,1
배 달달하고 ,1
풍월량 그는 신인가 풍월량 그는 신인가,1
약관 내밀어,1
우마이,1
예상했었어야지,1
다잃었다 한강간다,1
무효,1
캬,1
들 뭐하냐,1
캬,1
달다라,1
형 믿구 있었다구,1
이건 사기야  이건 사기야  이건 사기야  이건 사기야  이건 사기야  이건 사기야  이건 사기야  이건 사기야 ,1
와 뱌,1
에스가자 ,1
아 루이지 개모태,1
달달하고,1
거짓말,1
꺼거거어어겅,1
캬 싹 복구했다,1
대혼돈의 풍토토다,1
크 지린다,1
내 추억 ,1
마리오할껄 ,1
개꾸,1
달달허다,1
번만 이기면 ,1
약관대로라면 이것도 인정이다 ,1
다 청자들이지,1
연승 ,1
얍실해,1
달달,1
포인트 꺼억,1
우마이,1
달달,1
너무 달다,1
왘맛있당,1
크,1
안믿고있었다고,1
달달하고,1
포인트왜 복구됬어 ,1
반칙,1
달 달 하 고,1
쮸와압 빨앗다,1
환장 ,1
달달하다,1
포살녹,1
아 추억이 되돌아온다 ,1
달다 달아,1
네,1
개끌,1
구독 ,1
 별 거 없네 ,1
예상했어야지,1
거짓말 ,1
캐시 ,1
티랴 만 포인트 ,1
복구했다,1
셋 쭈왑 빨아먹고,1
정 신 차 려,1
오늘 마리오는 다 이기네,1
이게 마리오지,1
잃었던거 다시 돌아왔다,1
만,1
하하하하하핳하하하라,1
믿고있었다구,1
개같이 복구,1
달달구리,1
핑 모해,1
복구 하나 ,1
루이지 였자나,1
현질 ,1
개꿀,1
꺼어어어억,1
풍월량님 만세   ,1
반칙,1
색깔이 달랐엉,1
실력맵만 나오라고,1
왜케 재밌냐,1
 월량  월량  월량  월량  월량  월량  월량  월량,1
억,1
백만,1
연승이다,1
구독 티어 하면 금방 쌓임,1
번마 ,1
만 포인틐,1
마리오 승률 좋다,1
포인트 복구,1
풍형 약관 다시 봐라 애들 ,1
자 본겜 드르갑니다,1
와우,1
그럼 진짜 도박돼요,1
번마 ,1
가즈아,1
번마,1
오랸만에 능지플레이 ,1
만포인트가 만 ,1
큰거온다,1
풍형 편이 생겼다,1
부스터는 잇어요,1
아싸 이거 걸어야지 ,1
하,1
아 너무 어려운데,1
구독하면 빨리모여여,1
가즈아,1
꺼억,1
달달,1
번마 ,1
돈이 복사가 된다고,1
포인트 대출점여,1
박스나 눌러,1
아 어려운데,1
달달,1
구독 선물이나 비트 쏘면 포인트 줌,1
구독이 현질임,1
경마 가즈아,1
슈마무스메 가즈아,1
번마 꿀잼,1
큰거온다,1
가즈아,0
번까지 오면 빅재미고,0
대,0
운빨맵,0
제발,0
모지,0
번마가쟈,0
일단 번 아웃,0
팀전,0
이즈고,0
엌,0
인가,0
번마 걸고 씻으러간다,0
배틀이니까,0
달려,0
이건 번 아웃이고,0
대 인가,0
달려,0
나뽜,0
 인가 ,0
앗,0
위가 이득인데,0
이게 뭐지,0
아 번이네 ,0
와 뭐야 투표 바뀌었네 ,0
가즈아,0
너무 좁고,0
오,0
오오옹,0
나 어디걸었더라,0
루,0
위에,0
빨라,0
망해따,0
신개념배틀 ,0
가즈아,0
번마 가자,0
오,0
어,0
망망,0
위가 좋네,0
엥,0
마리오 불쌍하다,0
불공평 달리기 ,0
벌써 졌다,0
앜,0
어,0
앗,0
어,0
마리오 오열,0
망했다,0
망했어,0
휴,0
아,0
어,0
아,0
저개 정답이죠,0
아,0
루 ,0
번마 탈락,0
헐,0
번마 망햇죠,0
번마 탈락,0
번마 탈락,0
번마 낙마,0
번 컷,0
낚시 ,0
아니 ,0
개웃기네 ,0
번마 탈락,0
찍기였네,0
컷,0
오열,0
아 노잼맵 ,0
똥맵 ,0
아  오른쪽 겜이라고,0
아,0
앜,0
번마 광탈,0
이게뭐야,0
컷,0
컷,0
맵이 이게 뭐여,0
번 탈락,0
개똥맵,0
어휴 ,0
잡았나보네요 별로,0
당햇네,0
어어,0
위가 맞았네,0
번 컷,0
번마 탈락,0
그냥 지나가는 거 ,0
개똥맵,0
컷,0
한줄뚫어서 망,0
보스는 루이지가 처리했으니 안심하라구,0
캇,0
억까맵,0
싫어요 딱대,0
똥맵,0
노잼맵,0
번 컷 컷 서,0
똥맵,0
그냥 넘어갔네,0
번 탈락,0
지름길,0
번마 컷,0
커트,0
오예,0
맵을 만들다 말아놔가지고 ,0
번컷,0
왜반대로찍어 ,0
찍기였어,0
번마 대기중,0
컷트,0
번마 컷,0
아 이게 모야,0
똥맵,0
컷,0
위쪽이 무조건 이김 ,0
개똥맵,0
번마 오열,0
번마야 돌아와 ,0
번마 캇,0
 컷,0
번 컷,0
똥맵이네 ,0
캇,0
판째 망해따,0
번마 탈락,0
번마 광탈,0
다음번마,0
나 포인트됐어,0
똥맵,0
 캇,0
가즈아,0
번마 출발,0
번마 광탈,0
괜찮아요 번마 화이팅    ,0
하,0
순식간에 탈락했네 ,0
번컷 ,0
풍형과의 추억 그립읍니다,0
번마 대기합니다,0
번마 대기중,0
번마 낙마,0
번마 탈락느낌 ,1
너만의 수영을 해,1
스위밍,1
음,1
오오,1
집중스,1
나만의 스위밍을해,1
오 빨라,1
역전하기 힘들고,1
어,1
이게 우마무스메,1
등인가,1
제발 이겨줘,1
오,1
화이팅,1
번마 치고갑니다,1
등,1
어라,1
번마 가나,1
풍태환  ,1
가자,1
편안,1
어,1
번 가야 되는데,1
어어,1
어,1
실력맵은 안됨,1
자 번 준비하세요,1
등이다,1
번마 가즈아,1
어,1
넌 스윙하고있니,1
뭐야,1
루에요 마에요,1
이걸,1
번마 달립니다,1
오 등각,1
번마 번마,1
간다잉,1
어,1
번마 가나,1
어,1
애들아 정신차려,1
오 빨라,1
형만의 마리오를 해,1
빨리빨리,1
번마 우승 유력,1
번마 가즈아,1
번마 ,1
번마호재,1
어어,1
빠른데,1
설마,1
어라  어라  어라  어라  어라  어라  어라  어라  어라  어라  어라  어라  어라 ,1
어어,1
큰거온다,1
어 빠른데,1
애들아,1
어,1
힘내욧,1
번마 우승각,1
천천히 가,1
오 번마 결승점에 도착하나요,1
어어,1
어라  어라  어라  어라  어라  어라  어라  어라  어라  어라  어라  어라  어라  어라 ,1
이건 아니지,1
번마 번마,1
번마 번마 달려,1
어어,1
어어,1
어어어,1
번마 달려요,1
설마,1
오 번마,1
오 루구나,1
나빨라 ,1
어어어어,1
제발,1
잘한다,1
뭐야,1
이걸 번마가,1
이걸,1
어,1
어,1
어어,1
풍월량이 명이네,1
어어,1
오오,1
오오,1
번마 가즈아,1
설마,1
어어,1
제발 끝,1
어,1
어,1
와,1
어어,1
어라라,1
제발제발,1
가나,1
설마,1
설마,1
어,1
설마,1
번마 도착,1
어,1
어어어,1
오 번마 간다,1
아,1
설마,1
어라라,1
캬,1
오,1
번마 화이팅,1
번마가 설마,1
번마 설마,1
번마 우승,1
설마,1
나이스,1
어,1
와,1
오오,1
아,1
오,1
와 이걸,1
와,1
와 ,1
우승,1
와,1
어,1
오 ,1
에이 뭐야,1
앗,1
번만 뭔데,1
아,1
엉,1
와,1
나이스,1
와,1
오,1
번마,1
번마 번마 갑니다,1
오,1
헐,1
예,1
번마 도주싸움을 이겨내고 우승,1
외,1
오,1
와 ,1
아 번마라니,1
이걸,1
와 이게,1
말도안돼 ,1
번마 우승,1
번마 우승,1
와,1
어,1
와,1
와,1
오,1
이걸 번마가,1
아싸,1
와 이걸 맞추네,1
안돼,1
안돼,1
와,1
오 ,1
젠장,1
와 번마가 이걸,1
번마 나이스 ,1
번마 우승,1
앜,1
우승,1
아 ,1
와우,1
안됔,1
와,1
아니,1
와,1
와,1
어어어,1
번마 우승 ,1
번마 우승,1
아 ,1
아니 이걸 ,1
와,1
오케이,1
캬,1
와,1
나이스나이스 나이스,1
나이스,1
와,1
호재요 호재요 호재요 호재요 호재요,1
와,1
번마 우승  ,1
와,1
나이솨,1
어,1
배틀을 이기다니,1
와 이걸 번마가,1
와이게,1
와,1
와 이게,1
아 더걸걸,1
여스,1
오,1
번마,1
와,1
나이스,1
개노잼맵,1
번땄다,1
오,1
아 계속 잃네,1
이걸,1
앗,1
오,1
번마 급빵긋,1
와,1
번마 착,1
번마 우승,1
나이스,1
어,1
외 진짜,1
이걸,1
배 ,1
너무 모태,1
와,1
와 ,1
아,1
요쓰맨요쓰맨요쓰맨요쓰맨요쓰맨요쓰맨요쓰맨요쓰맨요쓰맨요쓰맨요쓰맨요쓰맨요쓰맨요쓰맨요쓰맨요쓰맨요쓰맨요쓰맨요쓰맨요쓰맨,1
대박 ,1
나만의 스위밍 ,1
여윽시,1
호우,1
수비네,1
우승,1
우마이,1
우와아앙,1
와,1
주니어가 만든 맵인가,1
와 번마가 먹는다고,1
어,1
실화,1
내 포인트,1
서로서로 도와요,1
번마 우승 ,1
번마 우승,1
달달,1
번마 만셐,1
아 이야,1
배,1
갑자기 잘하넹,1
오 ,1
히오스,1
울어버린 번마,1
경제대공황이다,1
아 내돈,1
개잘핵,1
번마 우승,1
캬 ,1
오,1
맵 너무 노잼이다,1
네이스,1
번마 성고오오옹,1
아 번 할력 했는데,1
오,1
왜등인거야 ,1
아니,1
배,1
배,1
드디어 먹었다,1
이번엔 번마가 이겼네,1
이게 되네,1
나이수,1
와 맞췄어 ,1
와,1
호재요호재,1
와 처음 딴다,1
번 배 ,1
아,1
아,1
오늘 애들 개못하네 진짜,1
오케이,1
믿고있었다구,1
달달,1
아 번마 사망,1
크앜,1
번마,1
노 변수,1
간다,1
실력맵도 이겨버리는거냐고,1
개똥맵,1
아 내 전재산 ,1
이럴때만,1
와 대박,1
 은근 잘했다,1
오늘 왜 잘해,1
노오오잼,1
맵이 왤케 쉬워,1
아니,1
쳇,1
애들 점수가 낮으니까 양학하네 ,1
배네,1
와 땄다,1
어버이날 버프  ,1
오늘만 만 빨렸다,1
아 머야,1
배,1
나이스,1
짜릿,1
번마번마번마,1
캬,1
맵 노잼,1
배 꺼억,1
실력맵 오랜만에 이기셨네,1
아니 이게 번이 터지네,1
나야,1
주니어 맵의 몸풀기가 좋았다,1
앙대,1
땄다,1
앟,1
이게됨,1
머냐구,1
번마,1
캬,1
번승,1
주말이여서 물이 맑네,1
와 ,1
왜케 잘해,1
와 이게 번마가,1
마은육 유지,1
안좋다고 하지않았나,1
죄다 송이라 당했다,1
굿,1
아 내 전재산 잃엇어 ,1
굿굿,1
오늘 조심,1
꺼억,1
마근육 유지 ,1
네 ,1
이게 번마,1
믿 고 있 었 다 구 ,1
암튼 노잼 ,1
달달하고,1
번마까지 갔었음,1
트 성공할때까지 건다,1
꺼어거거거거,1
체엣,1
형 변화구 한번 줘,1
아이고,1
번마승 ,1
번마만 찍었다구,1
와,1
번마 성공,1
오,1
와 무친 오늘 대박이다,1
와 배,1
지려따,1
풍월량님 잘하시고 잘생기셨지       ,1
연속 먹기 달달하구,1
꺼어어어거,1
저번에 했던 애들보다 못하는데,1
와 천만,1
안돼 내 점,1
좋아요 ,1
우승,1
오 만,1
저번주 데바데였다,1
지난주에 안함,1
달달 하다 ,1
배 ,1
잘못해서 삼만걸었는데 대박터졌다,1
배,1
크아아 이맛이네,1
어렵네,1
역시 애송이들 사이에선 최강 애송인가 ,1
달다,1
만 달달하네 ,1
번마 축하해,1
와 대박,1
백,1
캬캬,1
와 달달하다,1
이게 도박이지,1
역배의날,1
에측하기 어려워 ,1
오늘 꽤 잘 붙네,1
와,1
혀어어엉,1
어우 달아,1
변화구 하나 줘,1
걸리질 않네 ,1
아  다 잃음,1
덜덜하다,1
저번주 안했어,1
대박,1
오오,1
아까 번마까지 갔었던게 의아하긴 하네 ,1
오,1
탈락,0
어,0
똑같이 움직여 ,0
아직모르겠다,0
망해꼬,0
망,0
꼴등,0
망,0
망,0
마지막풰이크,0
다 잡힘 ,0
핑,0
  형,0
마리오 등인가,0
참나,0
제발 ,0
나이스,0
캇,0
핑,0
오,0
압도적 꼴등,0
번 커트,0
컷,0
컷,0
번마 캇,0
컷,0
아,0
캇,0
번마 탈락,0
번마 컷,0
와,0
예스,0
핑크랑 비슷헤 ,0
번마 탈락,0
번마 멸망,0
오,0
아이고,0
번가자,0
번마 컷,0
아,0
크,0
역시 느리구요,0
컷,0
번마 카트,0
휴,0
아이고,0
호재요,0
번마 컷,0
컷,0
번마 카트,0
번 카뜨,0
컷,0
병건크,0
번 캇,0
에레이,0
번마 탈락,0
삐융,0
번 캇,0
번 캇,0
핰,0
캇,0
우잉 ,0
번마 컷,0
자 몸풀자,0
번마 어김업이탈락,0
맵이 왜 다 이러냐,0
커트,0
컷 ,0
카아아앗,0
번 캇,0
번마 아웃,0
으윽,0
깃빵도 감사지,0
번마 낙마,0
번마 캇,0
번가즈아,0
번마 아웃,0
번마 가자,0
노잼맵,0
번마 달립니다,0
등,0
번컷,0
번마 가자 ,0
컷,0
번마 준비해주세요,0
커트,0
번 아웃,0
번마 대기,0
캇,0
캇,0
번컷,0
아 느낌이 좋지 않다 ,0
번마 대기,0
개같이 멸망,0
번 컷 ,0
번마,0
가즈아,0
번마 앞으로 안건다,0
번 컷 ,0
번 달려,0
번마 가자,0
가즈앙,0
번마 들어오세요,0
번마  ,0
컷,0
히히,0
번마 가즈아,0
호재요,0
연승은 없다,0
번마 번마,0
번마 긴장해라 ,0
똑바로해라,0
컷,0
번마 카아아아앙뜨,0
번 가자,0
아깝 그래도 잘하셨어용   ,0
번마 가자,0
번 마 출발,0
번 컷,0
에라이 랰,0
번마 킹능성,0
자 빨리빨리 나갑시다,0
번 컥,0
졌어요,0
이형은 실력맵은 맨날짐,0
번마 대기중,0
떨어질 폴,0
번  기부함 ,0
에잇 번마 믿었는데,0
엥 ,0
떨어질 폴,0
떨어질 폴,0
번마 기회 오려나,0
명 캇,0
자 번마 준비해주시요,0
번마 가자,0
번 가즈아,0
떨어질 폴,0
번마 폴,0
한자인줄,0
떨어질 폴,0
한자야 ,0
번마 심장 뛰기 시작,0
한자냐고 ,0
최필교         ,0
떨어질 폴,0
르,0
꽉잡아,0
수문장,0
왜그래 진짜,0
아 뭐햐,0
역전당했다 ,0
아,0
나이스,0
안일했죠,0
앗,0
왜그래,0
아 진짜,0
무 해,0
형 눈떠,0
역전,0
마리오 힘내 마리오 힘내 마리오 힘내 마리오 힘내 마리오 힘내 마리오 힘내 마리오 힘내 마리오 힘내 마리오 힘내 마리오 힘내 마리오 힘내 마리오 힘내 마리오 힘내 마리오 힘내 마리오 힘내 마리오 힘내 마리오 힘내 마리오 힘내 마리오 힘내,0
마리오 간다 ,0
아 마리오,0
마리오 았다,0
어어,0
어,0
조급하다,0
야,0
뭐하냐고,0
안돼,0
앜,0
형 눈을 떠,0
마리오 가라,0
번마 낙마  ,0
돌아왔구나,0
역전,0
역전 ,0
마리오 왔다,0
마리오 치고나오는 마리오,0
마리오 힘내라,0
개모태,0
주작급,0
개못,0
제발 형,0
마리오 힘내 마리오 힘내 마리오 힘내 마리오 힘내 마리오 힘내 마리오 힘내 마리오 힘내 마리오 힘내 마리오 힘내,0
번마 잘가고,0
마리오 치고간다,0
개못해 ,0
호재요,0
마리오 따라왔다,0
이걸지네,0
마리오 힘내라,0
망해써,0
아침차크,0
아니 제발,0
제발,0
마리오 가즈아,0
승부조작이닼,0
님,0
마리오 우승,0
아악,0
마리오 화이팅,0
아니 일부러,0
번마들 혈압 오르는중,0
역전당함,0
앜,0
아 ,0
마리오가 이걸,0
마리오 떨어져,0
개모태,0
휴,0
안돼,0
마리오 힘내라,0
번마 오열합니다,0
안돼,0
마 ,0
번마 낙마 가즈아,0
마리오 화이팅,0
마리오가라,0
개털림 ,0
번마 넘어진것으로 알려져,0
킹부러,0
마리오 가즈아,0
마리오 올라갔다,0
마리오 화이팅,0
이건가,0
마리오 화이팅,0
마리오 할수있다,0
킹부러 ,0
마리오 화이팅,0
마리오,0
마리오가 역전 ,0
이게실력,0
조댓따,0
형,0
애송이,0
역시 악재였지 ,0
제바류,0
개못해 ,0
마리오 갔다 ,0
번마 배탈 ,0
짜증나라고 만든거야,0
졋어,0
개망해싸,0
어 마리오,0
앜,0
말도안대 ,0
마리오 힘내,0
승부조작이라니 ,0
컷 ,0
아제발 ,0
그래도 등이다 ,0
번마 탈락,0
아오오오오,0
번마 돌뿌리에 걸려 넘어졌어 ,0
망,0
마 리 오 마 리 오마 리 오 마 리 오마 리 오 마 리 오,0
망했다 ,0
마리오어디갔어,0
마리오 갔다,0
갔다,0
마리오 올라간다,0
왜구래왜구래,0
마리오 화이팅,0
이거지 이거,0
망해써,0
멸망,0
곧  될 예정,0
번마 다리부러짐,0
마리오화이팅,0
풍형 돌아왔구나,0
번마 준비하세요,0
이악물고 지네,0
마리오갔다,0
마리오 갔다,0
여기서 ,0
마리오 ,0
번마 대기 번마 대기,0
번마 컷,0
번마들 흑화한다 이제,0
이걸모태,0
승부조작에반대,0
마리오 어디,0
욕심뷰리죠망하죠,0
흐름 끊김,0
진짜 언빌리버블,0
어라라,0
갇힘,0
어디감,0
안돼,0
으아아아아아아,0
늪에 빠짐 ,0
번마 컷,0
왜 가질못해,0
마리오 갔다,0
개못핵,0
카운터네  젠장,0
끝났어,0
눈 뜬거야,0
개같이 멸망,0
짬푸,0
말만 침착하지 전혀 안침착해,0
뭐하는거냐고 지그으으음,0
마리오 마리오 마리오,0
번 억장 무너지는 중,0
아 번마 달려가거든요,0
역시 풍형이야,0
머해여어어,0
번마 갑자기 걷습니다,0
형 언제올라가 ,0
마리오 우승,0
무해요,0
실력패 ,0
마리오 갔다,0
앜,0
황 리 오  황 리 오  황 리 오  황 리 오  황 리 오  황 리 오  황 리 오  황 리 오  황 리 오 ,0
무야호,0
루,0
개답답하네 ,0
루,0
마리오 끝났네 ,0
개못핵,0
위,0
은근,0
다 쫓아왔다,0
이게 스포츠인가 ,0
머해혀,0
마리오 사라짐,0
레알 경주마,0
아 너무웃곀,0
따라잡힘,0
진짜못한다,0
번마 망했다,0
개모대,0
개모태,0
침착해,0
개못햌,0
여기서 ,0
돌고돌아서 꼴등 ,0
뒤처진다,0
승부조작,0
 개모태 ,0
번마 오열중 ,0
루가 이걸,0
번마 역전당했고요,0
무너진 번마 ,0
개모태,0
안일,0
무친,0
무한 햄스터 챗바귀 ,0
형 제발,0
통곡의벽,0
번마 아웃,0
개같이멸망 ,0
머해여,0
왜 올라가질 못하니,0
혈압,0
헐,0
이걸 따라잡히네 ,0
마리오 들어갔는뎈,0
개웃김,0
리듬 ,0
침착,0
루,0
개못핵,0
승부조작 설,0
번마 죽었나요,0
역시 풍형이야 방송을 생각해서,0
압도적,0
머해요오오,0
마리오 역전,0
등,0
루,0
옆에 한번에 ,0
오,0
배치기,0
번마 오열합니다 ,0
쟨 왜잘가,0
화이팅 ,0
어,0
마리오는 이미 다음맵 간거아냐,0
쥬니어야 참고해,0
통과해따 한번에,0
아아쉽게도 번마에 투표한 명은 조용히하세욧,0
역시 루이지야,0
밑풍,0
개같이 멸망 중,0
이 악물고 지는중 ,0
대체 레일 방향을 왜 생각을 안하는 거여 ,0
오 루이지,0
실 력 차 이,0
번마 대기,0
아,0
말만 침착하지 전혀 안침착하네 ,0
걷고있는 번마,0
본들 채팅 살벌하다 ,0
번아 정신이 들어,0
번마 컷 ,0
마리오 가즈아,0
이거,0
아니 이걸,0
오오,0
핑키 오열,0
어,0
아 마리오 들어갔어 ,0
지들이 못맞츈골 승부조잒 키키기킥킥키,0
마리오,0
마마 루루,0
실력패,0
오오오,0
에이,0
마리오 이미 넘어감,0
마리오,0
제발,0
개못하네침착해와,0
아,0
마리오이미,0
달려달려욧,0
마리오가 갔어 ,0
오,0
실력으로 져쎼,0
마리오,0
마리오등임,0
개모태,0
갈겨,0
갔습니다,0
마리오가 너무 일찍감 ,0
오오오오,0
마는 이미 갔어 ,0
마리오는 웃고 있다,0
마리오 이미 감,0
응 마리오 이미 도착 ,0
빨리 ,0
마리오이미갔어,0
마리오 진작갔어 ,0
홧팅,0
아모른직다,0
가즈아,0
어어어어,0
번맠,0
화이팅 번 마,0
제발,0
이미끝남,0
개별과제,0
마리오 갔다 이미,0
피지컬,0
마리오 기다리고있엌,0
허리업,0
마리오가 등,0
홧팅,0
마리오 이미 갔어,0
마리고 이겼내 ,0
마리오 간지가 언젠데 형 ,0
마리오 뭐지,0
마리오 기다리는데,0
올라가 형,0
이겨요,0
집중해,0
하지만 마리오가,0
마리오 훨씬 먼저 갔어 ,0
마리오마리오마리오마리오마리오마리오마리오마리오마리오,0
마리오 대기중인듯,0
마리오 대기중,0
마리오 이미 갔어,0
힘내요,0
졌다,0
마리오가 더빨라 ,0
마리오가 이겼어,0
마가 빨랑,0
어어,0
마리오 ,0
초반에 개빨랐는데,0
마리오 우승각,0
망했쥬 ,0
욕심이,0
마리오 이미 갓어,0
마리오가 이미 ,0
마리오가 이미 갔어,0
하지만 마리오는 웃고있다,0
뭐해,0
마리오는 웃고 있다,0
에이 끝났아,0
마리오 대기중임 ,0
마리오 대기중 ,0
앗,0
마리오 머기중,0
번마번마,0
에이,0
뭐해,0
아직도 숙제가,0
아 여기구나,0
고고,0
마리오 ,0
끝났죠,0
등잼,0
기다린다,0
형 모해,0
마 ,0
망망,0
마리옼,0
저런,0
와 또있네 ,0
마리오 죽어,0
마리오가빠르다,0
유명 스트리머 승부조작 논란,0
마리오 우승,0
늦어써,0
아 스킬 ,0
루이지 우승,0
못하는종목,0
달려,0
아 번마 과연,0
번마 출발하세요,0
마리오가 대기하죠 ,0
마리오,0
대기중이라고,0
마리오 끝에서 여유 부리고있다,0
번마 오열합니다,0
마리오 넌 영웅이야  마리오 넌 영웅이야  마리오 넌 영웅이야  마리오 넌 영웅이야  마리오 넌 영웅이야 ,0
마리오는 이미,0
루이지 급상승,0
간드아,0
마리오 소도봐 ,0
마리오 안움직이죠,0
마리오 대기중 ,0
기술이 들어가네,0
거의다 온듯,0
뭐해 뭐해,0
실력맵 종합선물세트네,0
마리오 또 갔다,0
망해쮸,0
그 선택,0
번마 대기중,0
과연,0
루,0
안먹어,0
달려,0
화이팅,0
그 선택,0
날개 ,0
달려,0
마리오 너무 빨라 ,0
필요없어 날개,0
마리오가 앞이야,0
번마 명 과연,0
다다다닫,0
빨리 달려,0
마리오 이미 감 ,0
다다다다다다,0
마리오가 있는데 ,0
마리오 이미 ,0
마리오,0
마리오가 먼저갔어 ,0
침착,0
그 선택,0
달려어어어어어,0
그들만의 레이스,0
먹을걸 ,0
날개,0
이거 지난주에 했던맵이네,0
갔는데 ,0
아 진짜웃겨,0
엌,0
오,0
뭐지,0
아,0
오,0
의미없는 기닥,0
갈기라고,0
캇,0
컷,0
컷,0
아,0
종종걸음,0
앜,0
캇,0
아 개웃겨,0
캇,0
마,0
컷,0
어,0
마리오 이미갔다곸,0
마리오 승,0
아  못 간다고,0
냥냥펀치,0
개모태,0
누구세요,0
마리오는 웃고있다,0
 왜 마리오가 ,0
느긋 ,0
우리 번마,0
번마 탈락,0
마리오 너때문이야,0
번마 드가자,0
둘이 뭐한거,0
본마 퇴근,0
아이고 부질없다,0
마,0
아까부터 ,0
마리오갔었엌,0
마리오,0
아까빙,0
같은길이요,0
진즉에 갔지,0
아까 진작갔어요,0
마왕펀치,0
마리오 넌 영웅이야,0
어,0
마리오 진작 감,0
둘이 뭐한거임 ,0
퍽,0
아까 먼저걈 ,0
몰랐어  ,0
먼저갔었음,0
번마,0
마리오 기다린거임,0
번마가즈아,0
기다리다못해 ,0
개모태,0
아까 올라갓자넝,0
토관,0
번은웃고있다,0
마리오 진작에 앞서갔엌,0
번마 컷,0
영,0
아까감,0
발악,0
쟤는 아까 갔어요 ,0
어짜피 마리오 ,0
한참전에 지나감 ,0
킹부렁,0
이미 한참전에 갔음,0
마리오 한참전부터 갔어요,0
오,0
반전,0
마리오 한참앞에감 ,0
고양이,0
번마 가자,0
번마 컷,0
컷 ,0
님 제쳐서요,0
어어,0
캭,0
마리오먼저갔었어,0
아까부터 ,0
마리오 한참전에 감 ,0
빨랏어,0
아까부터 갔어요,0
마리오가 원래등,0
아닌데,0
먼저 간거야,0
한참 전에 지나갔어유,0
캇 ,0
진작갓엇어여,0
자강두천,0
아까 한참 앞이엿음,0
한참전에 감,0
마리오 진작에 앞서갔는데,0
번 컷,0
마리오가 제일 앞임,0
앜,0
아오,0
캇,0
둘이 대체 뭐한 ,0
번마 가즈아,0
진작에 갔어,0
개웃기넼,0
열심히 눌렀는데 허탈,0
마리오가 등이었음,0
바보,0
레일에서 삽질할때 이미 마리오는 다음맵 감,0
렸다,0
마리오 한참앞이였음,0
마리오가 아까 벨트 구간에서 한참 앞지름,0
마리오 아 까갔엌,0
이미전에감 ,0
훨씬 앞에 ,0
번 아웃,0
너무늦었어,0
마리오가 등이엇어,0
마리오 한참 전에 앞섰음,0
마리오 컷,0
이걸,0
진작에 갔는데,0
아까워라 잘하셨능데  ,0
아 그래,0
기 출,0
기출 ,0
꼴찌,0
압도적으로 등이었음 ,0
졌어요,0
졌었어요,0
개못햌,0
두근두근,0
한참전에 갔음,0
싫었던맵,0
기출 ,0
심지어 기출,0
위,0
풍형 너모 기여웡,0
까비,0
아 머해 ,0
개웃걐,0
형 그래도 웃기긴했어요,0
자강두천이였고 ,0
했던맵 ,0
기출문제 ,0
싫어요,0
형이 너무늦었어,0
했던맵,0
심지어 ,0
기출,0
노답노트 ,0
이미갓음,0
그띠도 졌나봐 ,0
엌,0
기출문제,0
번마는 웃고있다,0
또 짐,0
기출,0
심지어 기출문제,0
했던 맵이야 ,0
싫어요찍은이유개모태,0
번 컷,0
기출,0
기출문젴,0
마리오는 얼마나 우스울까 ,0
엌,0
기출,0
번마 입장하세요,0
번마 달리자,0
막자맵 ,1
킥,1
막자냐고,1
보험사기단 ,1
와,1
막자 냐고 ,1
막 ,1
우주방엌,1
안안잉,1
막자,1
어,1
어,1
길막,1
아,1
오,1
와,1
앜,1
막자 ,1
와,1
오,1
헐,1
어,1
헐,1
어,1
와,1
와,1
막자여 무슨 ,1
어나나,1
와,1
대박,1
와,1
앞바퀴가,1
나이스,1
아 왜,1
대 월 량,1
엌,1
와,1
와,1
아깝다,1
나이스,1
번마 우승,1
오,1
어니,1
와,1
와,1
아 익렄,1
어어어,1
어이없네 ,1
컄,1
이야 ,1
이걸 ,1
형 해낼줄알아써,1
루 뭐하냐,1
와,1
차가 없어서 ,1
우승,1
번마,1
개웃기네 ,1
가즈앙아아아앙아앙,1
번마 우승,1
번마 승리 승리승리,1
번마 번마,1
번마,1
끼야호,1
번마우승,1
걸,1
개웃기네 ,1
와,1
와 ,1
아 번마였는데,1
루이지 ,1
대박 ,1
오예,1
번마 우승번마 우승번마 우승번마 우승번마 우승,1
번마 우승,1
번 ,1
쟤네 뒤에 차있는데 왜 ,1
그냥 달리면 되는거아니야,1
이야,1
아니야,1
번마 우승,1
오,1
와 번마 ,1
와 번마 우승,1
아 쟤네 뭐하냐 진짜,1
아 번마야,1
루이지 머함 ,1
승부조작인데,1
번마 우승 번마 우승,1
운명이 바꼈어 ,1
와아아아아아 드디어,1
이걸,1
번마 터졌네 ,1
오예,1
믿고있었다고 번마,1
번마 부럽읍니다,1
와우 ,1
번마 우승이다 ,1
루이지 심뽀 고약한거봐 ,1
아니 바보들 아녀 ,1
형 우승,1
드디어,1
번마,1
루이지 바보네 ,1
믿고있었다구,1
차필승,1
애들 너무 못하고,1
랙권땜에,1
아래서 차타고어면댈것을,1
예헤헤,1
번마 ,1
와 오늘 쩐다,1
아니,1
루이지 개웃기네 ,1
번마 승리,1
번이 대세다,1
번마,1
열받네,1
번마 부정출발이 의심됨,1
나이스,1
번마 할려고했는,1
루이지 로드킬 당함 ,1
번마 우승,1
와 번마 도핑 의혹,1
막자 실패 ,1
번마 ,1
조건때메 ,1
우승 ,1
와,1
이게 삼번마가 우승이네,1
이게 되넼,1
네이스,1
개웃기네 ,1
믿고있엇다구,1
번 역시 다크호스였나,1
블로킹 ,1
번마 번마,1
번 우승 번우승,1
번마,1
예,1
와 번마,1
번우승,1
예,1
켜캬캬캬캬캬캬,1
우승,1
조건이 차 타고라,1
와 또 땄다,1
어 나언제 번걸었지 ,1
캬 배,1
차가 없으니 못잡음 ,1
번마 오늘 잘달리네,1
까비,1
번마 ,1
번 우승,1
차가 다없어서,1
루이지 번마 느낌 나느데,1
너 ,1
개웃기네 ,1
번마 우승 번마 우승 번마 우승 번마 우승 번마 우승 번마 우승 번마 우승 번마 우승 번마 우승 번마 우승 번마 우승 번마 우승 번마 우승 번마 우승 번마 우승 번마 우승 번마 우승 번마 우승 번마 우승 번마 우승 번마 우승 번마 우승 번마 우승,1
드,1
아  가면 안되는데,1
개웃긴다 ,1
이야야야,1
빛월량,1
캬,1
번마 우승,1
번마 ,1
와우,1
번마 도핑의혹 ,1
와 번마,1
개웃겨,1
꺼억,1
번마번마번마,1
머야 이거,0
중독확실하구만,0
쓰레기맵,0
뭘 그렇게까지,0
그걸 굳이,0
굳이,0
그렇게까지 ,0
굳이,0
정신차려 ,0
굳이,0
집중,0
어,0
시꾸럽고,0
대리컷 ,0
그낭 재미 ,0
시꾸럽고,0
중독이네 ,0
계정빌리는거 자체가 안되지않아히히,0
뭔소리 하는거야 ,0
그거 중독이여,0
중독이넼,0
굳이,0
노잼맵일수도,0
컷,0
기부니가 조와용,0
캇,0
아 ,0
그렇게까지 토토를 ,0
개노잼,0
굳이 ,0
뭐야,0
정신차려 ,0
똥맵,0
캇,0
개웃기네 ,0
까뜨,0
똥맵,0
번마멸망,0
엌,0
번마 광탈,0
번마 컷,0
허망,0
컷,0
번 컷 ,0
이게머야,0
모야,0
날먹 그 자체,0
번컷,0
아까빙,0
뭔 이딴 맵이 ,0
번마 광탈,0
못걸었는데,0
개 똥맵,0
싫 어 요,0
번마 탈락,0
개쓰레기맵 ,0
번마 오열 ,0
분 컷,0
번마 최단기 컷 ,0
컷,0
번마 최소시간 낙마 ,0
번마 광탈,0
빨리 점때로 가자고,0
번마 탈락,0
뭐하는거냐구,0
번마 광탈 ,0
최단컷 ,0
번마 컷,0
캇더맨,0
번마 눈뜨고 사망,0
번마 최단가 컷,0
최단퇴 번마 ,0
번마 아웃 아웃 ,0
번마 오열,0
번 순삭,0
번마 다리 부러지고,0
이게뭐야,0
끝났넼,0
어이가없내,0
번 개억울,0
번마 오열,0
번마 광속 탈락 ,0
번컷,0
아웃,0
번마 컷,0
모지,0
번마 승률 안좋네,0
번마컷,0
바로캇,0
무야호 아님,0
시러여,0
번마 최단시간 캇,0
이제 열심히 하자,0
번마 오열 ,0
뭐여,0
번마 광탈,0
번마 광탈,0
번마 팡탈,0
번 출발하기도전에 컷 ,0
번마 컷,0
번마 최단기컷,0
광탈,0
번마 낙마,0
이건 싫어요가맞다,0
번마 컷,0
번마 광탈 ,0
마리오가 무조건 이기는건데,0
번마 바로 컷,0
번컷,0
번마 정신이 들어,0
최단컷,0
번 광탈 ,0
번 안녕 ,0
형 이런거 좋아하자너 ,0
광 탈,0
최단기 컷,0
내다버린 만점,0
마리오 사기맵인데,0
번마 광탈,0
번 광속 탈락 ,0
이게 배틀이냐고 ,0
번마 광탈,0
진짜 광탈이다 이건 ,0
번마 눈뜨고 사망 ,0
번마 초컷,0
번 순식간이고,0
번마 다리부러졌어요,0
번마 최단기퇴장 ,0
번마 최단기컷,0
번마 힘내자,0
캇,0
번마 어디감,0
번마 광탈,0
번마 광탈,0
번컷,0
아놔 ,0
양파 ,0
번마 느려요,0
풍선 필패,0
핑 잘해 ,0
쟨 또 뭐냐 ,0
파,0
조젔다,0
끝남,0
하필 풍선이네 ,0
번마 오열,0
시청잔가,0
핑 개잘해 ,0
조졌다,0
똥망 ,0
느려요 느려,0
파랑 자랄 ,0
조졌네,0
기권해도 못이김,0
 아 이거는 번마 오열,0
이형 풍선은 못해 ,0
하아,0
번마 오열,0
핑크 우승,0
번마 오열,0
이 형도 뭐함 ,0
극성풍월맘          모해,0
번마 멸망,0
리 듬,0
번마 오열,0
응 조졌엌,0
핑 개잘해 ,0
개모태 ,0
개모태,0
뭐해요 ,0
망,0
번마 컷,0
개모댘,0
최약체 풍선 조졌다 ,0
번 오열,0
이건 좀 심한데,0
번마 ,0
에헤이 죠졌네 이거,0
번마 미리 나와주세요,0
번마 정신못차리죠,0
풍선이라 번마는 컷이야 ,0
번마 컷,0
망,0
이형 풍선 조작을 못함 ,0
번마 탈락 위기,0
번방 방빼 ,0
번마 오열 ,0
응 조짐 ,0
에임 이슈 ,0
풍방구,0
머해,0
그냥우리도기권하죠,0
개모탴,0
졌어,0
어,0
캇,0
에휴,0
한강가면 그만이야,0
번마 어서오고,0
번 컷,0
어휴 파랑 저 뱡싱,0
양파뇨속 머하냐,0
아,0
돌돌이,0
망,0
모해,0
번마 오열,0
다시먹고와 ,0
형이 못하는거에요 ,0
유알콜 ,0
이딴게 에스,0
망,0
번마 또 이걸로 당하내,0
망 ,0
낙마,0
무하세요 ,0
조짐,0
컷,0
느긋,0
번 컷,0
방 ,0
이길 수가 없는 맵,0
번마 개망,0
번마 오열,0
핑,0
번만 나오시고오,0
조작을 못하는데,0
낙마사고,0
풍선 개모태,0
끝,0
번 오열,0
어딜 를 갈려고,0
그래도 아직,0
이번에 못걸었넹,0
번마 넘어짐,0
후 ,0
불에타는건 나였고,0
불에 타는건 나였고,0
뭔 에스여 여기서 살자,0
맞네,0
탄건 나였고,0
타는건 나였고,0
내가탓고,0
 불에탐,0
본인이 탔고,0
번마 준비,0
응 없어,0
번마 가망없다,0
탔다,0
번마 밥먹으러가자 ,0
번 아웃,0
본인이 탔고,0
불에 타는건 나였고,0
망,0
탔다 ,0
타는건 나였구,0
탄건 나였고,0
타는건 나였고,0
불에 탔네요,0
컷,0
역시 이거 개모태,0
타버렸고,0
고건 나옇고 ,0
번마 칼퇴,0
어,0
타는건 나였고,0
이형 이거 개모태,0
 해보죠,0
번 준비하석요,0
번마 몸푸는중,0
그게 더 낫겠는데 ,0
와,0
이거 왠지 익숙한데,0
번마 오열합니다,0
개모댘,0
리 듬,0
또 꼼수로 깰라고 ,0
어,0
번마 이상해요,0
꼼수만 바라보는,0
개모대 ,0
진짜 개모대 ,0
오소이,0
점프도못하는데 무슨,0
아 번마 포기선언합니다,0
뭐하냐고 ,0
그냥 못가게 막아놨네 ,0
아오 ,0
주작이네,0
먹고 가,0
아,0
그냥도 못함,0
헉,0
별 모임,0
번 준비하시구여,0
오오,0
언능가,0
번마 단식투쟁,0
오잉 별이,0
더빨라서 문제,0
경로를 이탈하는 번마,0
그게 안돼,0
오늘개웃김 ,0
나이스,0
불쌍해서 별주네,0
오,0
더 못하죠,0
번마 포기,0
방향만,0
풉,0
응 못가,0
응 안돼,0
방향을 못 맞추고,0
번마도 뒤져버렸죠 ,0
풍선 ,0
그게 안됨,0
눈물겹다,0
못맞추죠,0
방향 못맞는중,0
쓸로없는 별 ,0
방향 개모태,0
근데 튜브고,0
못맞추죠,0
안먹고 싶으면 안먹는 거지,0
번마 이미 집에 갔써,0
오 방향을 못 맞춰 ,0
스타 의미 없음 ,0
이게  평균 실력,0
방향을 못맞춰,0
개모태 진짜 ,0
방향 못맞춰서 이속도인데 ,0
번마 왜 안움직이죠,0
늘거써,0
번포기,0
도넛좌 ,0
번마 방빼 ,0
맵다,0
개뫠,0
이제 필요가 없죠 ,0
방향감각 레전드다,0
하필,0
답답 ,0
범퍼카냐고,0
엄청난실력,0
별먹어야대,0
엌,0
길치라서 어쩔수 없구먼,0
풍선 진짜,0
쫌,0
개모태,0
진짜느긋느긋 ,0
풍선맵 연습 좀 하셔야 할 듯,0
달려,0
답답해 ,0
다들 어디감,0
오,0
어,0
번마 대기중,0
오,0
내 돈,0
깨달아버렸다,0
형이 이거 개모다긴 함,0
그걸 이제 ,0
오오,0
풍선 전멸 ,0
이제 알았다,0
아라따,0
오,0
이제야 깨우쳤다,0
그래서 십자키 쓰는거져,0
오,0
알아버렸다 ,0
그걸 이제알다닝,0
이제야아셨어요,0
오,0
오,0
알아버렸다,0
오,0
알았다  모른다,0
아라따,0
아라따,0
근데끝남,0
어,0
풍선어,0
저번에도 그렇게 했잖아,0
십자키로 하는 이유,0
이제 풍선 알았다 ,0
짱이네,0
이제야 알아버려따,0
망 ,0
뭐해,0
그발언 ,0
점,0
알았다매 ,0
어림없지 ,0
맞아,0
아 억지로,0
뭐해,0
사람,0
역돌격 ,0
형,0
바로 컷 ,0
알았다,0
개웃기넼,0
그냥 가요 ,0
풍선 살려,0
그냥 가자,0
휴,0
승부조작아녀,0
대기중인듯,0
혼자노네,0
다 죽었나,0
이미 끝나고 기다리는거 같은데,0
느긋,0
내려감,0
알았다매,0
걍가,0
쫄아버렸다,0
조작이다,0
기다리는중,0
그래도 아직 도착 안함 다들,0
느긋,0
다 갔나바,0
거짓말같이 알았다와 동시에 망 ,0
다들어디갔니,0
애들 다 어디갔어 ,0
알겠냐,0
다 어디감근데,0
느긋,0
싲자키가 짱인게 아니라 별이 짱인거지 ,0
다 가서 안보여,0
다른사람들 기다리는중 ,0
압도적 꼴등,0
개모태,0
한참꼴찌,0
아니 가고싶은방향을 눌러 ,0
형 민폐야 빨리가,0
다 어디갔어 ,0
머해,0
아 개웃긴다 ,0
입구좌 ,0
느긋,0
개모탴,0
 알았다,0
실시간 개모태,0
풍선필패,0
와,0
모해,0
왜 못들어가,0
개모댘,0
압도적 민폐,0
아니,0
크흠,0
아니,0
압도적 꼴찌,0
이건좀,0
맨땅에 헤딩,0
뭐해요 ,0
뭐해 ,0
모행,0
개모댘,0
어렵긴 해,0
도킹 ,0
뭐해,0
도킹,0
이분 머해 ,0
연습방 아니라고 ,0
번마 화남,0
시계 반시계를 모르는 풍,0
왜 안가요,0
번마 오열,0
풍필패,0
와,0
좀 잘좀 해봐요 ,0
입구컷 ,0
머리를 박는 번마,0
뭐해요 ,0
입구컷 ,0
왜 들어가질못하닠,0
모하는거냐고 지금,0
아 진짜 개못하넼,0
와 ,0
자기 자신을 조종 못하는중 ,0
이게 ,0
너무 커서,0
내 어금니,0
여기아닌가,0
형 거기 아니야,0
모해,0
진짜 개웃기네 ,0
진작에 졌지,0
머지,0
살빼요,0
뭐하는거냐고 지금,0
번마 뒷목잡고 사망 ,0
개모테,0
번마 갈께요,0
컷,0
엌,0
 같이 멸망햇죠,0
진짜 바보같다 형,0
개웃겨 ,0
아 머리,0
컷,0
번마 탈락,0
번마 ,0
번마 가즈아,0
개모태진짜,0
크흠,0
풍필패 ,0
중간 세이브라고,0
개모태,0
맵의 절반밖에 못보는,0
중간세이브라고,0
마리오야 깨줘서 고맙다,0
수고링,0
절반 차이 ,0
아웃곀,0
개못해 ,0
아 너무 웃겨 ,0
앜,0
제발 ,0
풍선컨 진짜 심각하네 ,0
풉,0
와 진짜 못한닼,0
개모태 왕모태,0
살빼야들어가지 ,0
아,0
개못핵,0
아,0
번마 컷,0
번말 ,0
중셉조차 허락하지 않겠다,0
너무 웃겨서 슬프지도않아,0
증말 못해다 이번판,0
번마,0
속터져,0
왕따야 모야 ,0
번마 낙마요,0
고마워요,0
싫어요 해주세요,0
개 못 해,0
번 준비,0
커트,0
아깝당  ,0
아 너무웃곀,0
고마워,0
개모태 풍선만,0
번마 뒷목 잡겄네,0
번마 빠잉,0
풍선이 약점,0
아휴,0
게모태,0
풍선은 필패야 ,0
평소에 잘 안나오더니 ,0
자자 번마 다리가 부러졌어요,0
번컷 ,0
풍월량의 풍인데 ,0
해지마해지마,0
번마출격,0
제발 무한 풍선매,0
풍선 멈춰,0
물 풍 선,0
이게 ,0
풍선 진짜 암걸리겠네,0
의 실력 잘 봤구요,0
조아요,0
번마 화병으로 사망 ,0
개모태,0
해지마,0
풍카,0
하필 풍선맵이,0
개웃겨,0
좋아요 ,0
중간도 못감,0
풍선 나오지마,0
웃기니까 용서해줌,0
 귀여워  나오지말래 ,0
번마 대기하세요,0
풍선이 저격,0
엌,0
이걸 이겨 ,0
네 제가요 풍선을요,0
리듬풍선 카운터,0
번마 다리 부러짐,0
엌,0
이걸,0
헉,0
기출이네 ,0
과거의 나,0
기출 틀림,0
이겼었네 ,0
과거의 풍월량은 ,0
기출맵,0
기출문제 ,0
풍선 두번이나 번이였어,0
퇴화한 실력 ,0
기출이었어,0
퇴화했어,0
수련하자,0
과거의 나는 이겼따,0
기출문제야 이거,0
트루리셋,0
과거의 내가,0
이걸 이겼다고,0
퇴화,0
 심지어 이겼던맵,0
잘못 누른적도 있으니까,0
주작 ,0
기출이었고,0
과거보다 못해짐 ,0
기출맵이라니,0
주니어가 함,0
잘못 눌럿나,0
퇴화,0
번마 번마 출발합니다,0
제가요,0
풍선 멈춰,0
과거의 나,0
성장은 커녕 퇴화했어,0
퇴화한거 아냐,0
이걸 이겼었어,0
과거의 나는 이겼다,0
맙소사,0
과거의 풍월량 무섭다,0
기출맵 ,0
풍끼얏호우풍끼얏호우풍끼얏호우,0
퇴화,0
과거의 풍월량 너무강하다아앗,0
잘못 누른거 아닐까 ,0
 좋아요 이긴맵을 판단,0
기출문제 실패,0
퇴화 맞음,0
과거의 나 무슨짓을 한거야,0
강했던과거의 나,0
퇴화,0
 트루 리셋,0
번기출이라,0
이걸이걌다굨,0
어 저 방금 이맵 유튜브에서 년전거 봤는디,0
과거의 영태는 잘했구나,0
과거의 나는 이겼다,0
시절,0
실수로 누른거아님,0
이것이 에스와 에이송이의 차이,0
형 같은 애들이랑 했었나봐,0
어째 익숙하더라,0
퇴보했다,0
주니어가 한거아닌가요,0
번마,0
아,0
과거의 풍 ,0
풍선컨 퇴화 이슈,0
더 모태졌어,0
제발 번,0
번마 또 가나,0
과거의 나 ,0
번마 가자,0
번마 대기해주세요,0
퇴화,0
그냥 좋아요한듯,0
아,0
주니어야 풍선맵 만들자,0
풍밑풍,0
마근육시절,0
과거의 나보다 수준이 떨어져,0
실수로 좋아야한듯 ,0
실수 ,0
후퇴했다 이말이야,0
잘못누른듯 ,0
찬란했던 과거,0
형 예전에잘햇어 지금 개못하지만 ,0
번마에서 이기죠 화이팅   ,0
잘못눌름,0
젊은날의 풍월량은 다르다,0
자 번마 가즈아 ,0
과거의 나란,0
이형 원래 풍선 잘했음,0
그 시절의 퓽,0
와 퇴화했어,0
번기출이라 좋아요누른듯,0
실력이 퇴화가 됐네,0
승리의 번마가 간다,0
점수 빨린다,0
형 왜케 못해졌어,0
네 번마 오열,0
실력,0
캇,0
컷,0
번캇,0
번마 출격,0
낙마,0
번마 탈락,0
광탈,0
아,0
번마 대기중,0
캇,0
탈락,0
어허 노우,0
개깉이멸망,0
컷,0
아,0
번마 나가,0
핵모태,0
낙마,0
번마 나와주세요,0
바로 컬 ,0
엉엉 ,0
압도적 꼴찌,0
아,0
오열중인 번마 ,0
번 컷,0
아이고,0
와 개고수네,0
캇,0
봐봐,0
번 오열,0
이건 좀,0
번 캇,0
볼 필요 없네,0
번마 캇,0
낙,0
바로컷,0
볼필요도 없이 컷,0
낙마,0
빨스플한테 을 어떻게 이겨,0
망하는 소리,0
낙마,0
번마 벌써 컷,0
번마 어서오고,0
컷,0
개못해,0
캇캇캇 ,0
볼필요 없다는게 이런 뜻이였습니까,0
맨날 혼자죽어,0
번마 아웃,0
뭐지 이거 본장면인데,0
번마 떡락,0
이게 실력인가,0
빠이염,0
아 번마 오열,0
왜혼자,0
번마 대기해주세쵸,0
빠른거봐 ,0
깃방도 안되겠네,0
오 양파죽었네,0
번 커 ,0
풍풍이형,0
저 둘이먄 거의 뱐수없다,0
하,0
아직 희망 있다는 번마,0
형,0
번마 포기하지마,0
엌,0
번마는 추입이었다,0
포기해,0
번마 어디론가 가버린,0
풉,0
끝,0
아까 그맵,0
포기해,0
풉,0
캇,0
캇,0
포기해,0
종,0
포기하사,0
포기할게요,0
종료,0
죽,0
포기하지마,0
응 이제 끝나써,0
종,0
거북이 메테오,0
종,0
이젠 포기해야됨,0
아뉘 ,0
확정,0
종,0
포기하면 편해,0
죽,0
경기는 끝이다,0
컷,0
종료,0
끝났어,0
끝,0
번마 또 넘어집니다,0
포기해,0
캇,0
종,0
아니  왜 쫄아 ,0
종,0
포기 ,0
포기,0
포기해,0
포기,0
 아,0
종,0
포기하지마,0
끝,0
침착햌,0
이제 포기해야할때,0
형 버섯 먹고 가,0
포기하면 편해 ,0
시합종료가 맞다,0
포기,0
캇,0
포기해 형,0
포기하는순간 좋아,0
두번은 힘들지,0
시합 종료,0
종,0
포기하는순간 종수,0
기권하죠,0
포기하렴,0
번마 대기하자,0
개모태,0
방송천재 ,0
포기하는 순간,0
개같이 멸망,0
개웃기네 ,0
이제 끝난듯,0
번마 탈락 위기,0
헝 는 뭘로 댈았어,0
번마 가자,0
한번 더,0
땁땁,0
젭라,0
포기,0
끝,0
앗,0
내 마권이 쓰레기가 됐네 내 마권이 쓰레기가 됐네 내 마권이 쓰레기가 됐네,0
번마 캇,0
끝,0
포기,0
닉,0
퍽,0
번마 오열 ,0
보너스맵,0
번마 절망합니다,0
끝이요,0
짜잔 없습니다,0
번마 가즈아,0
뽀나리,0
퍽 랭크,0
닉봨,0
내 마권이 쓰레기가 됐네 내 마권이 쓰레기가 됐네 내 마권이 쓰레기가 됐네 내 마권이 쓰레기가 됐네 내 마권이 쓰레기가 됐네,0
번마 대기해주세요,0
종료,0
랭크를 퍽해버리셨다,0
끝난듯,0
앗,0
퍽 에이랙크 ,0
아까빙   ,0
번마 준비해주세요,0
번마 갑니다,0
수고링,0
퍽 랭크 ,0
퍽,0
번마 믿는다,0
퐉에이랭,0
빠르다 빨라,0
번 나오세요,0
빨스플인데요,0
번마 출발,0
닉머여,0
번마들어오세요,0
퍽랭크,0
번마 아웃 ,0
번마 드가자,0
번마 너만 믿는다,0
아 이게 모람 ,0
개못핵,0
번 ,0
번마 두그두근,0
번 탈락,0
너무 느려,0
퍽에이랭크 ,0
빠르게 끝,0
닉값 햇다 ,0
핑쿠,0
팁을 보긴했는데요,0
분홍봐 ,0
아,0
핑크 뭐임,0
와 핑키,0
번마 탈락,0
형 이제 말로만 하지말고 저격러좀 차단해요 쟤 몇번만남,0
핑크 개잘해,0
번 다리부러지고 시작,0
핑키,0
이미 졌다,0
느긋,0
명망,0
 핑크 뭐야,0
와 빠르다,0
번마 나와주세요,0
핑크 개고수,0
와 핑키 빡고수,0
느긋,0
컷,0
형은 왜 핑키처럼 못가,0
번마 대기중,0
번마캇,0
개쁠라,0
핑 머지,0
나락이구요,0
벌써 차이 ,0
비교되는거봐 ,0
아,0
번마 오열,0
와 핑크 뭔데,0
번마 드가자,0
왤케 느릿해,0
느려,0
이미 졌는데,0
와 뭐시여,0
내가 포인트는 다꼴았지만 무키로제팀이 이겨서 기분이 좋군 봐줬다,0
번마 뒤쳐졌다,0
실력 차이 ,0
렉,0
핑키잘하네,0
앗,0
핑크인줄 알고 기대햇쥬 ,0
핑크 개잘하네 ,0
오,0
핑 점프가 예술인데,0
핑키 개고였다 ,0
핑크랑 차이가,0
압도적인,0
오오,0
안되겠다,0
와,0
번마는 나가주세요,0
번 나오세요,0
핑크 개잘한다 ,0
와 개빠라,0
번마 입갤,0
느긋,0
순간 렉걸린줄,0
핑크 왤케 고수임,0
번 컷이네,0
번마 폭주중,0
핑키랑 비교되는거 ,0
번마 오열,0
핑크 왤캐 빨라,0
벌써,0
번마 대기중,0
멸망,0
캇,0
핑크 뭐냐고 ,0
차이봐 ,0
핑크 채교 냐가는거보소 ,0
핑 개잘해,0
미틴 핑키 ,0
핑크 잘한다,0
벽치,0
어,0
차이가 너무많이난다 ,0
어,0
개같이 멸망,0
와 핑크 잘해,0
개모태,0
멸망,0
릭 트 쇼,0
번마 낙마 번 준비하세요,0
어,0
앜,0
번 컷,0
앗,0
개멸,0
허접,0
무한츠쿠요미,0
넌 모찌나간다,0
핑크 개고수 ,0
실력 맵,0
망해써욜,0
핑키 개빠르네,0
졌어,0
번마 오열합니다,0
큰이이다,0
컷,0
형 나 죽을것같아,0
번마 오열 ,0
핑크 개잘해,0
벽을 느꼈다,0
개같이 멸망,0
번마 준비,0
아,0
킹부러 ,0
핑크야 믿는다,0
에휴,0
일부러,0
번마 힘이 빠집니다,0
번마권이 쓰레기였다니,0
아 벌써 끝나있어,0
침착,0
번 오열,0
압도적 꼴등,0
컷,0
멸망,0
번마 엌,0
일 부 러,0
핑크 핵인가 왤케 빨러 ,0
압도적 꼴찌,0
개웃기네 ,0
망 ,0
번마 탈선,0
번 마 나락으로,0
번마 준비하세여,0
망,0
번마 너무 뒤쳐졌다,0
장난,0
번마는 몸풀어주세요,0
압도적 꼴찌,0
압도적 꼴등,0
일 부 러 일 부 러,0
너무느려 ,0
오,0
번마 대기중,0
앱도적 꼴등,0
번마 명 전원 탈락 위기,0
번마 대기요,0
압도적 꼴등,0
압도적 꼴등,0
핑크 핵 아님 ,0
압도적 꼴찌,0
꼴찌 확정,0
이미 기대도안함,0
압도적,0
느려,0
실력맵,0
공 굴러가유,0
번마 웃는다,0
망했다,0
번마 다리 접질렸다,0
압도적 꼴지,0
핑크 너무 잘하는데 ,0
자 번마 나오세요,0
끝,0
번마 아웃 ,0
번마 딱락,0
느긋,0
번 마권도 쓰레기통으로 ,0
아기 걸음,0
압도적 꼴지,0
쥐쥐,0
세월이 야속해,0
실력맵 나옮때부터 ,0
번마 대기하세요,0
번마 탈락,0
피지컬은 아니다,0
압도적 꼴찌,0
네 번마 탈락,0
번 잘가시고,0
뒤에서 위,0
이미 포기했어,0
즐겨요,0
앱도적으로 절망적,0
번마 일어나라,0
번마 스탠바이,0
이 형 뻔히 앉아서 점프하는것도 일단 그냥 점프 누르고 보는구나,0
이거 번마까지 가나,0
수고링,0
잘가시고,0
짜가져꼬,0
번 마 준비 하세요,0
느긋,0
번마 대기중 ,0
핑키,0
번마 두근두근,0
번마 몸  푸세요,0
자 자 번마 대기해 주무세요,0
느긋,0
느긋,0
번마 준비하시고,0
잘만든맵,0
핑키 개빨라,0
느긋 ,0
번마 몸풀어라,0
핑키,0
벌써 간다,0
와 벌써 가넼,0
느긋,0
쟤 간다 ,0
와 벌써,0
망햇다,0
개빨라,0
아 번마 점점 고행을 걷기 시작하는데요,0
번마 가즈아,0
너무 느려,0
느긋,0
느긋,0
벌써가죠,0
개빠르네,0
느긋,0
토토 안하는것도 재밌네 ,0
이미 열쇠먹고 오는길,0
개느려 ,0
다들 간다 ,0
와,0
다들 간다 ,0
앱 도 적 꼴 등,0
꼴지,0
느긋,0
가면서 보고 바로 대응해야는데 너무 느리당,0
꼴등,0
분전 앉아점프를 자주 해야한다,0
제일느림,0
괜찮은거맞지,0
안괜찮아,0
가즈아,0
안 괜찮아,0
느긋 ,0
괜찮아느긋,0
응 절대,0
번마가 있으니 괜찮아,0
다 갔다,0
느긋,0
번 마도 간다,0
콩,0
그냥 웃기네 ,0
이미 글렀어요 ,0
그냥 꼴등,0
번마 준비하세요,0
압도적이다,0
느 긋,0
다갔는데 역전,0
꼴찐데,0
끝나부렸는디요,0
자 번마 준비해주세요,0
압도적 꼴찌,0
어,0
완벽한 꼴등 ,0
번 캇,0
뛰는것도 웃겨 ,0
너무 할아부지같음,0
어림도없죠,0
번마 준비하시고요,0
들,0
번마 명 고개를 당당히 들어주세요,0
개못하네 진짜,0
이런 ,0
번마 나오세용오,0
번마,0
번마 ,0
차이가 너무나 ,0
깃방 해주는게 어디야,0
번 가즈아,0
또 꼴찌,0
제일 느리시네여,0
번마 대기중,0
기다려줘,0
착해,0
풍뎅이 기다려줘,0
기다려주네,0
이렇게 차이가 나는데 역전요 ,0
번마 나와,0
번마 입장해주세요,0
깃방 노잼,0
버벅버벅 ,0
너무 잘하던데,0
착하네,0
애기애기하다,0
번마 준비해,0
번마 문앞에 있는중,0
착한거봐,0
번마,0
다왔는데 ,0
 절대 못가 진짜,0
착해 ,0
기다려주네 착해서,0
번마 출격합니다,0
부끄 ,0
크흐흠,0
항상 꼴찌야 ,0
이걸기다려줘,0
어떻게 이런 일이,0
캬 착해 착해,0
아니 뭐하냐구 형,0
번마 출발,0
업도적 꽁,0
압도적,0
번마 갑니다,0
앱도적,0
적선받은 깃방,0
번 가자,0
차단,0
차단 ,0
착해,0
무효 ,0
풍뎅이 차단,0
아무튼 저격,0
아무튼 저격이야 ,0
너벤,0
저격,0
번마 캇,0
기다린건 아니네,0
차단,0
암튼 저격임,0
네놈,0
아까 계속 보였음,0
형이거 주작아냐 이렇게 못해,0
차단형,0
핑키,0
일부러,0
아무튼 저격 ,0
너뱀,0
잘하니까차단 ,0
쟤 차단하죠 여러번 나옴,0
근데 어차피 핑크 없어도 졌어,0
나보다 잘하면 차단,0
아무튼 저격임 퉤퉤,0
봉동귀영둥이     ,0
근데 솔직히 많이보이긴함,0
근데 저격은 맞아,0
닉변하고와,0
저격은 차단해야지,0
 드가자,0
빈정 상함 ,0
그냥 만난거같은데 ,0
과연,0
핑키 개잘해,0
그냥 바로 차단,0
 ㄹㅇㅋㅋ ,0
핑키 저격이야,0
조작단 인가,0
나보다 잘하면 차단,0
엌,0
차단 ,0
시러요,0
싫,0
암튼 저격임,0
아무튼 저격임 ,0
정말,0
 ㄹㅇㅋㅋ ,0
핑크 개자래,0
끝나부렸구요,0
아무튼 저격 ,0
어허,0
어허,0
 ㄹㅇㅋㅋ ,0
그러니까,0
아 번마 세상이 억까 선언하죠 ,0
실력맵인데 저격 의미 있나 ,0
 ㄹㅇㅋㅋ ,0
형 근데 명중에 꼴찌인데,0
응애야,0
쟤 자주 보여,0
날먹 ,0
아무튼 차단,0
싫어요,0
실력맵 ,0
운으로 ,0
유저풀이 적은건가 ,0
풍형이랑 실력이 비슷한 유저,0
간신 ,0
기다려줬는데 차단으로 보답,0
꼬롬하게 가야하는데 ,0
계속되는 저격은 차단 ,0
운빨맵 달라고,0
재미없게 실력맵이네 ,0
변명  ,0
어차피 실력맵인데 저격이 뭔상관이야 ,0
 추하다,0
계속 보이던데,0
차단은 바로바로해,0
아 두근거린다,0
응 아니야,0
고인물 맵 ,0
형 왜이리 못하는거냐구,0
아님,0
실력맵 멈춰,0
나 이기면 차단,0
 ㄹㅇㅋㅋ ,0
타궐,0
그게 실력맵이잖아,0
예비역 ,0
번마 출발,0
응,0
비겁한 변명입니다,0
운 월 량,0
변명하지마러,0
번 마 번 마,0
응 아냐,0
이기면 차단 ,0
아까 실력맵에서 첨부터 입장 못해서 시작하자마자 기권한거도 쟤자나,0
번마 달립니다,0
형은 현역아냐,0
너 잘해  차단 ,0
나이기면 차단,0
피지컬맵,0
형은 년 했잖아,0
변명이죠 ,0
네 네,0
형 고만해,0
변명,0
핑계 ,0
형 예비군이야,0
번 가나요,0
구구절절,0
변명,0
추월량 ,0
요약하면 못한다는거죠,0
아 예,0
그럼 자주,0
번마 화이팅,0
구 질 구 질,0
풍형은 공익인가요,0
추태형,0
변명 ,0
핑계핑계 ,0
추해요,0
구구절절,0
아 ,0
형 그냥 못한다고 말해요,0
아뇨,0
비겁한 변명입네다,0
아 예,0
혓바닥이기시네,0
마리오 예비역,0
매일매일 수련해야 하는 슈마메,0
그렇군요,0
아니 그냥 못해 형,0
변 명,0
혓바닥이 길어요,0
그렇군요,0
핑계중,0
알았어 알았어,0
추,0
번마 가주아,0
말이 너무 긴데 그냥 못한다고 하세요,0
네 담판 가죠,0
응 따리,0
변명은 죄악입니다,0
번마 대기중,0
핑계 ,0
절절구구,0
마방위,0
비겁한 변명입니다,0
추해형 변명하지마러,0
핑계죠 ,0
그냥 못한다고 해,0
번마 애매하다,0
예 변명 잘 들었습니다,0
실력이 없다,0
네,0
응 아뇨,0
아 너무 추하군,0
핑계 멈춰,0
자자 번마 달립니다,0
그렇군요,0
예,0
예,0
 나는 민방위,0
노 익스큐즈 플리즈,0
형 혀가 왜그렇게 길어요,0
피치공주,0
번마 출발준비,0
그럼 매일하면 저런 맵 등 가능하다는거야,0
네알겠습니다번마 나오세요,0
기믹,0
본인도 잘아시네요 핑계라는걸,0
앗 번마 울어,0
네 번마 나오세요,0
비겁한 변명입니다,0
보여줘용 번마,0
캇,0
아,0
핑계가 너무 길어요 풍형,0
초기화가 심하긴해,0
번 썌보인다,0
네 다음 핑계,0
결론  개모탐,0
형은 출신이자너,0
그럼 매일해봐 형,0
번마 화이팅,0
계,0
그냥 못한다를 길게 말하시네요 호호,0
변명 ,0
오늘 가긴 그른거 같은데,0
나쁘지도 좋디도 않네,0
눼,0
달려라 왕바우,0
네네,0
네에,0
형 됐고 번에서 우승해줘,0
형 살려줘,0
형 핑계가 아니라 변명을 하자면,0
차라리데바데가나을듯,0
그냥 못하는거잔슴,0
번마 달립니다,0
네,0
실력이 없다는 거죠,0
영태 화이팅,0
혓바닥이 기시네요 형님,0
번마,0
토토 한 앞사람들은 할말을 잃엇다,0
번깜작놀랏네,0
공주 왤케 늙엇어 ,0
핑계가 너무 긴거같습니다,0
이맵 할만하다,0
번마 가자,0
번마도 컨디션 안좋네,0
번마 번마,0
무지한 트수들,0
비만입니다,0
그렇군요,0
잘들었습니다,0
그냥 개모타는 걸로 하자,0
번마 출발,0
실력은없다,0
네네,0
번마한테 드디어  온  기회,0
실력맵 각인데,0
결론은 개못했다,0
핑계없는 무덤 없다,0
그저웃는다,0
잘봐요,0
또울대,0
집중 부탁드립니당,0
협력수비 ,1
개 추한싸움 ,1
철벽수비,1
그냥 위에 있는거 아님,1
서로 하이에나처럼 ,1
한타 ,1
우주방어  ,1
한타준비 ,1
개판이다 진짜 ,1
네 번 대기요,1
초 대기방,1
강도들 ,1
과연,1
준비해,1
그저 날먹 원툴,1
형 적극적으로해,1
둘다 ,1
오 음표 철벽방어 ,1
협력수비 ,1
강도들 ,1
슈레기 준비자들,1
숨이 턱,1
미친 뇨속 ,1
하이에나들,1
미친거 같어 ,1
목숨을 건 방어전,1
양아치들,1
그냥 깃발이 저 위로도 있는 건가,1
안나오는거봐 ,1
제발,1
팀전 ,1
무적의 콤비네 ,1
핑크 너무불안한데,1
협력수비 ,1
 강도냐고,1
안나와,1
날강도들,1
서로 서로 담궈요,1
번마 킹만하다,1
이정도면 먹고오는게 ,1
협력수비 ,1
우린 팀이야,1
강도들 ,1
응 안나가,1
안나오네 ,1
눈치챘어,1
서로서로 갈궈요,1
초 대기방,1
본게임 시작  ,1
디펜스  ,1
그냥 깃발 위에있다면,1
절대안가지,1
왼쪽일듯,1
안온다 ,1
핑키는 올라갔다 왔으니까 알지않나,1
진짜 악독하다,1
저 뇨속 한국인인가 ,1
절대 안나가,1
서서담,1
추잡하다 ,1
이뇨속들 ,1
추하다 추해,1
날강도 ,1
우주방어 ,1
방심 ,1
개웃겨 진짜,1
맨투맨 해,1
개웃기네,1
곡한의 기회주의자들,1
서로서로 담궈요,1
응 안나가,1
이게 마리오지,1
어딨어 ,1
루이지 디펜스 ,1
날강도들 ,1
니들이 와,1
빗장수비 ,1
오겠냐고 ,1
통밥 잰다,1
눈치깜,1
힘내,1
안온다 ,1
노상강도 듀오 ,1
어디갓어 ,1
이게 무슨 게임이야,1
심리전 ,1
눈치본다 ,1
봇듀철벽방어 ,1
모함다 가자,1
니가와,1
온다,1
온다,1
온다,1
추한 두명,1
핑크 개웃기네,1
파랑이랑 싸우는 듯 ,1
왔다,1
온다,1
나와따,1
온다,1
쨍그랑,1
날강도들,1
온닼,1
온다,1
온다,1
왔다 ,1
응 타임 아웃이야,1
입장,1
얼마나 두려울까,1
온다온다,1
어떻게든 날로먹으려고 ,1
왔다,1
온다,1
온다,1
왼쪽,1
날강두 명 ,1
온다,1
온다 온다,1
온다 온다,1
바란 매과이어 ,1
앞이다,1
온다,1
자연스럽게 협력하는거봐 ,1
온다온다,1
온다,1
왼쪽,1
서로서로 도와요,1
큰거온다,1
아까받,1
온다,1
온다,1
온다,1
온다,1
오,1
수문장,1
음표 막어,1
전진수비 ,1
치졸,1
자동문 ,1
관문,1
오오,1
날강두들,1
전진수비 ,1
음표에서 막어,1
수문장 ,1
차 관문 ,1
전진수비 ,1
공격수,1
수문장 오지네,1
수문장 ,1
서로서로 담궈요,1
막자,1
전진수비 ,1
빗장수비 가나요,1
히히 못가,1
풍과이어 ,1
전진수비 ,1
장판파 ,1
자 동 문,1
전진 수비 ,1
눈치사움 ,1
심리전 보소 ,1
어어,1
수문장,1
서로 반갑다고 난리 ,1
철벽수비 ,1
깃방이나 하자,1
보여주나요 번마,1
풍리송   ,1
형 할수있어,1
나를 뚫어봐라 애송이,1
수문장,1
지옥의 싸움,1
오,1
어,1
옼,1
눈싸움 ,1
심리전 ,1
핑키 우승각,1
앗,1
인간의 추악함을 볼 수 있는 게임 ,1
와,1
자동문,1
호오오허,1
아이,1
오,1
오,1
와,1
와,1
와,1
와,1
와,1
앗,1
오 ,1
오,1
오,1
나이스,1
와,1
캬,1
어엉어,1
와,1
와,1
아니 이걸 왜,1
오 ,1
왘,1
이게 ,1
와우 ,1
야,1
번마 우승,1
와,1
헐,1
번마 예스,1
오,1
왕,1
이걸,1
와,1
와 이걸,1
어,1
뇨오스,1
풍형 개잘해 ,1
와,1
오 ,1
이건 지렸다,1
와,1
번마 ,1
오졌다,1
와,1
와,1
이게 실력이지,1
번마 ,1
와이걸,1
날먹,1
세상에 ,1
사기야,1
이게 번마지,1
넘 웃기다,1
말도 안돼,1
아,1
쾌감,1
인정이다,1
루이지 개억울 ,1
진짜 야비하다,1
역 시  번 마,1
나도 커서 풍월량이 될래요,1
킹번마,1
번 우승,1
이거지,1
번마가 극적으로 우승,1
날먹 우승,1
와 운월량,1
이게 마리오지 ,1
개잘해,1
이걸 ,1
오,1
대박 ,1
다 다왔는데 번마까지 올수있었는데 ,1
얍샵하다진짜,1
번마,1
야비풍,1
마,1
형 믿고있었다구,1
이거쥐,1
약탈자,1
야비우승,1
날먹 ,1
믿고 있었다구,1
야비롭게,1
비월량이 또,1
좋아요,1
이건 좀 멋있었다,1
오 연속 땄다,1
번마 우승,1
미쳤나봐,1
이게되네 ,1
번 번 번,1
이게 서울대지,1
루이지 오열 ,1
추월량 ,1
날먹의 신날먹의 신날먹의 신날먹의 신날먹의 신날먹의 신날먹의 신날먹의 신날먹의 신,1
역시 번마,1
야월량 ,1
이거지,1
고였다 ,1
야비 원툴 ,1
번마 캬,1
번마,1
얍삽하다 진짜 ,1
아싸,1
이걸,1
역시 이런 얍삽이는 ,1
루이지 불쌍해,1
개웃기넼,1
명 우승,1
야비 원툴 ,1
너무 달달하고,1
이건 인정,1
너무 조아하자나,1
이게 슈마메지,1
와 ,1
달달하다,1
이게 마리오지,1
웃는거봐 깨알같으 좋아요,1
미쳤다리,1
와아성,1
극  찬,1
극찬,1
루이지,1
왁,1
빌드업 성공 축하드려요           ,1
번마 배다 ,1
번 번,1
극찬 ,1
역시 번마 ,1
그만잘해 김영태 그만잘해 김영태 그만잘해 김영태 그만잘해 김영태 그만잘해 김영태 그만잘해 김영태 그만잘해 김영태 그만잘해 김영태 그만잘해 김영태 그만잘해 김영태,1
극찬,1
번 번 번 번,1
미쳐따,1
극찬,1
극 찬,1
아,1
감사합니다 ,1
대단하닼,1
고맞대,1
번 번,1
극찬받았네,1
번마 우승,1
이럴때만 실력 좋으시넼,1
나이스 번마,1
이기면 실력이지 ,1
좋아,1
극찬,1
양아치래 ,1
극찬,1
못 났 다,1
풍월량풍월량풍월량,1
제발 실력맵만 나와라 좀,1
형 주차해용,1
오매 연속 번 ,1
번마 번마,1
극찬,1
극 찬 ,1
루이지 샷건,1
진짜 꼬름하다,1
극찬 ,1
풍월량 우승,1
와웈,1
극찬,1
대작 ,1
블랙핑크지수가좋아               슈마메 원래 이렇게 더러운게임임,1
풍아치 ,1
우승우승우승우승우승우승,1
그렇긴 해,1
극찬,1
아 개웃기네 ,1
극찬,1
풍아치 ,1
극찬,1
그저 마리오,1
꼬롬한건 진짜 잘해 ,1
이것이 실력,1
아냐 이건 잘했어요,1
극찬,1
극찬,1
캬,1
귀엽,1
말도 아노대 ,1
번마 ,1
극찬,1
흨흨,1
달달하구욧,1
마리어,1
번마 오열,1
극찬,1
형 잘했엌,1
맛있다,1
슈마메는 이맛이지 ,1
풍월량풍월량풍월량,1
꿀잼이네 ,1
마리오가 마리오했다 ,1
서울대 서울대,1
역시 믿었다고,1
얼굴 죽상이네,1
극찬,1
오늘 죠쿠만,1
엽엽,1
짜릿하다 형,1
마시따,1
와,1
사탕,1
형나 연소 맞췄어,1
번마,1
아 가면 안된다고,1
극찬,1
야미야미,1
배네,1
번 번 번 번 번,1
이거만잘햌,1
레기가 되는 과정입니다,1
나 번인데,1
아오 진짜,1
분홍이 자동문이었는데,1
너무 잘하셨음     ,1
번쨰야,1
번마 우승,1
번,1
번마 달달하구,1
프로 마리어,1
굿,1
풍아치,1
번마 승,1
뭔 일이 있었누,1
이게 마지,1
번마 ,1
진짜 야비해 ,1
번마임 ,1
와 나 신들렸나봐     ,1
어우 얄미웤,1
마시써,1
정말 추했어 ,1
번마 우승,1
형 믿고있었어,1
떡상,1
배,1
의 위엄,1
이게 의 품격 ,1
루이지 그걸 못들어갔네,1
와,1
이야,1
만세,1
번마 우승,1
번마 ,1
복구했네,1
와 어케 한번을 안겹치고 다 다른숫자가 먹냐,1
와,1
달다,1
너무 맛있고,1
꺼억,1
한명나가야 등하네,1
아오 번 걸 걸,1
풍형  간다,1
이런건 사기잖어 흑흑,1
번마 ,1
루이지 혼자 열심히해서 졋어 ,1
 가시겠네,1
이기면 장땡이지 ,1
번마      ,1
수비 개웃기네,1
이게 지,1
와아,1
 ㄹㅇㅋㅋ ,1
 ㄹㅇㅋㅋ ,1
와 번마,1
이게 마리오 국룰입니다,1
정말 잘하셨어요     ,1
날린거 복구했다,1
열광의 도가니,1
나에스,1
야호,1
이게재미죠 ,1
와 번마 ,1
부릅따,1
이게 마리오지,1
달달,1
레기는 저렇게 됩니다,1
너무 재밌다,1
비열량 ,1
와우 ,1
달다,1
꺼 억,1
이게 마리오지,1
번마 만세,1
슈레기의 ,1
    억,1
이야,1
황밸 ,1
 캬,1
양아치라뇨,1
이렇게라도 안하면  못가니까 어쩔수 없네 ,1
나 계속 번마에 걸었따고형  너무 고마워,1
이제 그만 걸어야지,1
